"Time","flink-taskmanager-658b48fc8c-5j5mb","flink-taskmanager-658b48fc8c-5w2q2","flink-taskmanager-658b48fc8c-6bkkc","flink-taskmanager-658b48fc8c-7t7qx","flink-taskmanager-658b48fc8c-bqpnf","flink-taskmanager-658b48fc8c-jhmjl","flink-taskmanager-658b48fc8c-nrb28","flink-taskmanager-658b48fc8c-qhfmr","flink-taskmanager-658b48fc8c-qzpxf","flink-taskmanager-658b48fc8c-rkkqt","flink-taskmanager-658b48fc8c-xnsmk","flink-taskmanager-658b48fc8c-z2xwk"
2023-02-19 14:24:45,38037,36015,31077,41192,47009,32607,41662,38444,25532,33934,36686,35739
2023-02-19 14:25:00,39873,36896,32961,43846,51460,35439,41999,40323,28113,36737,39898,37128
2023-02-19 14:25:15,40374,36258,33434,43369,51310,35911,41813,39948,27913,36940,40197,37514
2023-02-19 14:25:30,41284,36901,34378,45711,54230,37511,41880,40282,30011,38928,42068,38834
2023-02-19 14:25:45,39383,36246,33695,43871,53588,37016,38037,40048,29389,38821,41050,39039
2023-02-19 14:26:00,38954,36897,32466,42912,52803,36195,37499,40159,27943,37345,40067,39475
2023-02-19 14:26:15,39426,38006,33429,44901,53392,36402,38572,40766,28572,38881,41307,39990
2023-02-19 14:26:30,39214,37314,32790,43144,51492,35042,38664,41527,26803,37549,39811,39704
2023-02-19 14:26:45,40493,38444,33947,44526,53470,36111,42539,40626,28061,38839,41448,39557
2023-02-19 14:27:00,40988,38027,34431,45218,51440,36059,41546,37564,29180,38670,41021,37912
2023-02-19 14:27:15,40559,37697,33336,44359,51282,35978,39958,37198,28888,38148,40201,37445
2023-02-19 14:27:30,40859,38642,34774,46577,52006,38181,40250,37508,30518,38620,40698,37773
2023-02-19 14:27:45,42311,38304,34617,47606,50632,37953,40436,39974,30438,39639,41374,38039
2023-02-19 14:28:00,43784,38817,35147,47275,53616,38998,42557,42830,30706,41199,43979,39235
2023-02-19 14:28:15,44675,39889,36267,48060,54273,39520,44629,43892,30977,41744,43954,40760
2023-02-19 14:28:30,44941,38969,34604,45538,53057,37423,44938,42948,29699,40600,43924,40339
2023-02-19 14:28:45,43904,38662,34505,45192,53871,36659,45622,40971,28604,38545,43100,40322
2023-02-19 14:29:00,41218,37936,34447,45685,51687,35783,44645,40588,28435,37560,39949,38699
2023-02-19 14:29:15,40431,37259,34407,44757,49423,35922,42770,38645,28462,37507,40765,37042
2023-02-19 14:29:30,41347,38101,35306,46024,51096,37023,43838,39602,28831,39002,41819,37229
2023-02-19 14:29:45,41320,38806,35373,45985,50992,38298,42657,39957,29625,39372,41838,36509
2023-02-19 14:30:00,41702,38764,34481,44783,51242,37450,41440,39764,28652,38829,42257,38415
2023-02-19 14:30:15,42477,38937,33972,45556,54213,36815,43545,42182,28106,39308,41569,39985
2023-02-19 14:30:30,41146,37875,34669,46393,53359,37533,42173,40392,28914,38705,40655,38333
2023-02-19 14:30:45,41577,37818,36219,46562,56546,38637,41380,41626,30798,41735,42281,39303
2023-02-19 14:31:00,41009,38021,36479,46271,56731,38898,42389,41588,31099,43255,43143,37718
2023-02-19 14:31:15,40373,38281,36877,47375,57244,39136,40195,40354,31827,42312,43373,36018
2023-02-19 14:31:30,40458,39334,36145,47398,56804,38813,41822,42562,30983,42239,43406,38281
2023-02-19 14:31:45,37897,37363,32111,43265,52959,34849,40370,39584,28941,40297,40273,37652
2023-02-19 14:32:00,38518,38461,33684,44232,53956,36591,40422,37050,30529,40587,39097,37962
2023-02-19 14:32:15,39388,38565,34126,43884,56003,37469,41816,39090,31129,43398,41916,39514
2023-02-19 14:32:30,39148,37563,35715,43832,54215,38387,39607,36439,33514,45330,42958,37805
2023-02-19 14:32:45,42094,39195,38967,47951,57808,42037,42075,38905,33917,45461,45366,38534
2023-02-19 14:33:00,43977,38378,37671,48281,57449,40765,43370,42410,32480,44637,46803,39307
2023-02-19 14:33:15,43477,38165,37066,47327,54939,39963,42669,41101,31914,42094,43922,39284
2023-02-19 14:33:30,44270,39021,35690,46478,57228,38746,45870,43387,29499,40122,43173,40534
2023-02-19 14:33:45,42214,38784,33404,44507,54496,36197,44300,42649,28439,38359,41368,40248
2023-02-19 14:34:00,42459,39471,34920,45533,54448,37762,45085,42451,29649,38631,41685,40398
2023-02-19 14:34:15,42910,39003,34625,46315,53865,37925,46195,41885,29142,39241,41506,40687
2023-02-19 14:34:30,42938,39023,35353,47322,55054,38667,43932,40594,30076,39975,41826,39841
2023-02-19 14:34:45,44813,39455,38430,49788,58241,41739,45368,40773,33431,43090,44060,39801
2023-02-19 14:35:00,42120,38567,37566,47974,57772,39914,43012,40590,33721,44039,43959,39470
2023-02-19 14:35:15,41376,38970,38549,47945,60700,40208,41183,41071,35212,46864,45407,39142
2023-02-19 14:35:30,41740,39353,39435,49345,60588,41815,40998,42656,35550,47355,46384,40186
2023-02-19 14:35:45,40420,38405,37557,47361,56567,39701,38706,43141,32623,45456,44985,39402
2023-02-19 14:36:00,41927,39325,37077,49009,57148,40399,40927,41878,31349,43656,44113,40256
2023-02-19 14:36:15,41666,39070,36344,47297,54395,39801,41004,40759,29892,40749,43312,40627
2023-02-19 14:36:30,40073,37863,34835,44977,52779,37116,39986,40175,29180,39258,41462,38471
2023-02-19 14:36:45,40396,38721,35500,44431,55079,37667,41549,40167,29652,41409,42136,39441
2023-02-19 14:37:00,39770,36937,35671,44011,54890,37899,39992,39665,30995,41995,42243,38027
2023-02-19 14:37:15,40838,37960,35858,45143,55531,38918,40818,40844,31547,42378,43614,37516
2023-02-19 14:37:30,40165,38266,37532,45575,56741,39715,40489,41795,33137,44723,43195,39485
2023-02-19 14:37:45,38732,37717,36800,44988,55879,39045,38493,41609,33902,44736,42088,39222
2023-02-19 14:38:00,39326,39366,38282,45766,57632,40262,39060,43652,33684,45610,44021,40097
2023-02-19 14:38:15,37329,38534,38091,44016,57144,39006,36805,44333,33309,45596,42055,40678
2023-02-19 14:38:30,37617,38781,35329,43440,55101,38398,37971,42539,31277,42491,42197,40192
2023-02-19 14:38:45,39131,38976,38479,45641,54923,39710,38878,44739,33287,44262,44055,40894
2023-02-19 14:39:00,36983,38377,35711,43542,52478,36701,38035,42321,32337,42977,41335,41144
2023-02-19 14:39:15,38195,38474,35734,44145,52624,36844,39256,41809,32324,42134,42008,40702
2023-02-19 14:39:30,38264,39261,37714,45734,54611,38010,38259,42238,33374,44708,42227,41392
2023-02-19 14:39:45,37591,39283,35672,44308,54599,37978,38242,39540,32029,42532,41483,40209
2023-02-19 14:40:00,40424,39443,38437,47628,56569,40346,39055,42370,32654,44310,44556,40886

