"Time","daedalus/flink-metrics","daedalus/flink-reactive-80-metrics","daedalus/flink-reactive-85-metrics","daedalus/flink-static-metrics"
2023-03-20 20:44:20,0.122,0.114,0.116,0.107
2023-03-20 20:44:40,0.126,0.118,0.127,0.112
2023-03-20 20:45:00,0.132,0.127,0.132,0.115
2023-03-20 20:45:20,0.140,0.135,0.142,0.114
2023-03-20 20:45:40,0.146,0.144,0.141,0.110
2023-03-20 20:46:00,0.152,0.148,0.148,0.106
2023-03-20 20:46:20,0.152,0.153,0.152,0.106
2023-03-20 20:46:40,0.157,0.158,0.160,0.106
2023-03-20 20:47:00,0.166,0.169,0.163,0.107
2023-03-20 20:47:20,0.174,0.175,0.171,0.106
2023-03-20 20:47:40,0.182,0.180,0.178,0.107
2023-03-20 20:48:00,0.186,0.181,0.185,0.109
2023-03-20 20:48:20,0.192,0.195,0.189,0.110
2023-03-20 20:48:40,0.199,0.204,0.195,0.113
2023-03-20 20:49:00,0.208,0.212,0.206,0.113
2023-03-20 20:49:20,0.220,0.211,0.222,0.117
2023-03-20 20:49:40,0.238,0.216,0.242,0.117
2023-03-20 20:50:00,0.248,0.228,0.256,0.122
2023-03-20 20:50:20,0.265,0.236,0.268,0.119
2023-03-20 20:50:40,0.271,0.254,0.277,0.123
2023-03-20 20:51:00,0.292,0.271,0.292,0.127
2023-03-20 20:51:20,0.302,0.295,0.301,0.132
2023-03-20 20:51:40,0.323,0.319,0.320,0.133
2023-03-20 20:52:00,0.349,0.349,0.338,0.133
2023-03-20 20:52:20,0.375,0.366,0.357,0.137
2023-03-20 20:52:40,0.404,0.388,0.378,0.144
2023-03-20 20:53:00,0.423,0.402,0.395,0.145
2023-03-20 20:53:20,0.463,0.427,0.442,0.147
2023-03-20 20:53:40,0.483,0.449,0.472,0.148
2023-03-20 20:54:00,0.516,0.473,0.499,0.157
2023-03-20 20:54:20,0.536,0.499,0.515,0.157
2023-03-20 20:54:40,0.574,0.518,0.547,0.162
2023-03-20 20:55:00,0.601,0.545,0.571,0.162
2023-03-20 20:55:20,0.637,0.580,0.595,0.166
2023-03-20 20:55:40,0.667,0.616,0.617,0.169
2023-03-20 20:56:00,0.822,0.652,0.655,0.176
2023-03-20 20:56:20,0.787,0.681,0.682,0.183
2023-03-20 20:56:40,0.789,0.722,0.716,0.186
2023-03-20 20:57:00,0.725,0.761,0.766,0.189
2023-03-20 20:57:20,0.667,0.810,0.810,0.197
2023-03-20 20:57:40,0.603,0.845,0.850,0.201
2023-03-20 20:58:00,0.587,0.884,0.888,0.207
2023-03-20 20:58:20,0.593,0.920,0.925,0.207
2023-03-20 20:58:40,0.606,0.956,0.957,0.212
2023-03-20 20:59:00,0.616,0.980,0.971,0.216
2023-03-20 20:59:20,0.637,0.988,0.983,0.222
2023-03-20 20:59:40,0.644,0.990,0.984,0.231
2023-03-20 21:00:00,0.656,0.989,0.982,0.241
2023-03-20 21:00:20,0.679,0.914,0.883,0.243
2023-03-20 21:00:40,0.704,0.867,0.856,0.245
2023-03-20 21:01:00,0.726,0.823,0.862,0.244
2023-03-20 21:01:20,0.748,0.829,0.919,0.251
2023-03-20 21:01:40,0.748,0.852,0.971,0.258
2023-03-20 21:02:00,0.738,0.876,0.969,0.266
2023-03-20 21:02:20,0.790,0.892,0.960,0.273
2023-03-20 21:02:40,0.798,0.922,0.948,0.273
2023-03-20 21:03:00,0.793,0.899,0.951,0.287
2023-03-20 21:03:20,0.779,0.904,0.942,0.295
2023-03-20 21:03:40,0.774,0.903,0.941,0.320
2023-03-20 21:04:00,0.782,0.939,0.934,0.331
2023-03-20 21:04:20,0.794,0.932,0.950,0.355
2023-03-20 21:04:40,0.800,0.926,0.959,0.364
2023-03-20 21:05:00,0.809,0.928,0.972,0.366
2023-03-20 21:05:20,0.821,0.950,0.979,0.371
2023-03-20 21:05:40,0.835,0.964,0.982,0.378
2023-03-20 21:06:00,0.844,0.971,0.982,0.386
2023-03-20 21:06:20,0.830,0.968,0.980,0.386
2023-03-20 21:06:40,0.801,0.973,0.979,0.388
2023-03-20 21:07:00,0.768,0.966,0.977,0.395
2023-03-20 21:07:20,0.774,0.850,0.916,0.397
2023-03-20 21:07:40,0.804,0.756,0.873,0.395
2023-03-20 21:08:00,0.826,0.790,0.832,0.396
2023-03-20 21:08:20,0.819,0.830,0.822,0.404
2023-03-20 21:08:40,0.822,0.906,0.834,0.410
2023-03-20 21:09:00,0.817,0.865,0.843,0.403
2023-03-20 21:09:20,0.823,0.849,0.837,0.411
2023-03-20 21:09:40,0.814,0.857,0.831,0.409
2023-03-20 21:10:00,0.831,0.878,0.819,0.422
2023-03-20 21:10:20,0.825,0.877,0.803,0.412
2023-03-20 21:10:40,0.839,0.870,0.794,0.419
2023-03-20 21:11:00,0.822,0.855,0.780,0.419
2023-03-20 21:11:20,0.831,0.823,0.776,0.412
2023-03-20 21:11:40,0.796,0.790,0.767,0.411
2023-03-20 21:12:00,0.754,0.763,0.767,0.417
2023-03-20 21:12:20,0.730,0.733,0.742,0.417
2023-03-20 21:12:40,0.738,0.708,0.733,0.421
2023-03-20 21:13:00,0.736,0.688,0.711,0.403
2023-03-20 21:13:20,0.700,0.679,0.750,0.408
2023-03-20 21:13:40,0.688,0.676,0.802,0.395
2023-03-20 21:14:00,0.674,0.675,0.834,0.411
2023-03-20 21:14:20,0.671,0.645,0.793,0.404
2023-03-20 21:14:40,0.665,0.725,0.738,0.424
2023-03-20 21:15:00,0.666,0.707,0.690,0.406
2023-03-20 21:15:20,0.644,0.695,0.682,0.417
2023-03-20 21:15:40,0.632,0.644,0.687,0.397
2023-03-20 21:16:00,0.606,0.575,0.653,0.394
2023-03-20 21:16:20,0.599,0.520,0.601,0.379
2023-03-20 21:16:40,0.621,0.481,0.554,0.379
2023-03-20 21:17:00,0.634,0.470,0.535,0.387
2023-03-20 21:17:20,0.614,0.441,0.499,0.382
2023-03-20 21:17:40,0.610,0.429,0.462,0.368
2023-03-20 21:18:00,0.561,0.416,0.423,0.363
2023-03-20 21:18:20,0.532,0.408,0.407,0.372
2023-03-20 21:18:40,0.518,0.392,0.398,0.376
2023-03-20 21:19:00,0.502,0.373,0.398,0.360
2023-03-20 21:19:20,0.486,0.360,0.391,0.351
2023-03-20 21:19:40,0.464,0.353,0.380,0.342
2023-03-20 21:20:00,0.456,0.340,0.362,0.342
2023-03-20 21:20:20,0.447,0.335,0.358,0.325
2023-03-20 21:20:40,0.437,0.322,0.346,0.330
2023-03-20 21:21:00,0.422,0.317,0.339,0.327
2023-03-20 21:21:20,0.483,0.303,0.328,0.324
2023-03-20 21:21:40,0.516,0.298,0.322,0.320
2023-03-20 21:22:00,0.541,0.289,0.313,0.315
2023-03-20 21:22:20,0.505,0.289,0.308,0.308
2023-03-20 21:22:40,0.480,0.283,0.304,0.294
2023-03-20 21:23:00,0.471,0.282,0.303,0.296
2023-03-20 21:23:20,0.462,0.273,0.295,0.300
2023-03-20 21:23:40,0.453,0.274,0.292,0.295
2023-03-20 21:24:00,0.445,0.337,0.343,0.288
2023-03-20 21:24:20,0.434,0.372,0.367,0.277
2023-03-20 21:24:40,0.432,0.393,0.386,0.275
2023-03-20 21:25:00,0.421,0.385,0.358,0.267
2023-03-20 21:25:20,0.419,0.363,0.353,0.274
2023-03-20 21:25:40,0.408,0.363,0.354,0.271
2023-03-20 21:26:00,0.405,0.314,0.315,0.274
2023-03-20 21:26:20,0.439,0.313,0.308,0.271
2023-03-20 21:26:40,0.473,0.309,0.300,0.265
2023-03-20 21:27:00,0.493,0.305,0.329,0.259
2023-03-20 21:27:20,0.504,0.296,0.335,0.255
2023-03-20 21:27:40,0.474,0.288,0.341,0.262
2023-03-20 21:28:00,0.467,0.282,0.319,0.255
2023-03-20 21:28:20,0.456,0.279,0.309,0.257
2023-03-20 21:28:40,0.460,0.273,0.313,0.249
2023-03-20 21:29:00,0.459,0.274,0.309,0.259
2023-03-20 21:29:20,0.467,0.278,0.308,0.255
2023-03-20 21:29:40,0.462,0.283,0.303,0.259
2023-03-20 21:30:00,0.466,0.282,0.304,0.252
2023-03-20 21:30:20,0.463,0.278,0.302,0.258
2023-03-20 21:30:40,0.460,0.273,0.302,0.254
2023-03-20 21:31:00,0.457,0.306,0.342,0.259
2023-03-20 21:31:20,0.460,0.321,0.360,0.261
2023-03-20 21:31:40,0.546,0.338,0.381,0.261
2023-03-20 21:32:00,0.582,0.349,0.359,0.260
2023-03-20 21:32:20,0.725,0.356,0.357,0.245
2023-03-20 21:32:40,0.659,0.362,0.357,0.261
2023-03-20 21:33:00,0.666,0.341,0.361,0.262
2023-03-20 21:33:20,0.670,0.343,0.369,0.279
2023-03-20 21:33:40,0.673,0.351,0.374,0.265
2023-03-20 21:34:00,0.682,0.357,0.412,0.281
2023-03-20 21:34:20,0.689,0.359,0.437,0.268
2023-03-20 21:34:40,0.701,0.367,0.467,0.277
2023-03-20 21:35:00,0.718,0.374,0.439,0.274
2023-03-20 21:35:20,0.732,0.381,0.445,0.284
2023-03-20 21:35:40,0.748,0.384,0.447,0.287
2023-03-20 21:36:00,0.757,0.434,0.450,0.281
2023-03-20 21:36:20,0.773,0.473,0.448,0.285
2023-03-20 21:36:40,0.778,0.489,0.457,0.295
2023-03-20 21:37:00,0.780,0.482,0.456,0.296
2023-03-20 21:37:20,0.788,0.472,0.466,0.306
2023-03-20 21:37:40,0.758,0.478,0.470,0.296
2023-03-20 21:38:00,0.748,0.485,0.478,0.306
2023-03-20 21:38:20,0.694,0.495,0.484,0.308
2023-03-20 21:38:40,0.656,0.504,0.498,0.309
2023-03-20 21:39:00,0.631,0.515,0.502,0.309
2023-03-20 21:39:20,0.624,0.517,0.504,0.309
2023-03-20 21:39:40,0.613,0.517,0.495,0.319
2023-03-20 21:40:00,0.616,0.517,0.500,0.322
2023-03-20 21:40:20,0.597,0.533,0.502,0.341
2023-03-20 21:40:40,0.588,0.543,0.515,0.340
2023-03-20 21:41:00,0.590,0.549,0.534,0.346
2023-03-20 21:41:20,0.599,0.548,0.546,0.337
2023-03-20 21:41:40,0.603,0.551,0.553,0.345
2023-03-20 21:42:00,0.607,0.558,0.552,0.345
2023-03-20 21:42:20,0.611,0.566,0.556,0.341
2023-03-20 21:42:40,0.624,0.574,0.563,0.336
2023-03-20 21:43:00,0.637,0.591,0.569,0.335
2023-03-20 21:43:20,0.646,0.603,0.580,0.339
2023-03-20 21:43:40,0.643,0.610,0.585,0.350
2023-03-20 21:44:00,0.639,0.615,0.591,0.372
2023-03-20 21:44:20,0.638,0.690,0.603,0.377
2023-03-20 21:44:40,0.654,0.678,0.609,0.379
2023-03-20 21:45:00,0.655,0.657,0.620,0.368
2023-03-20 21:45:20,0.663,0.628,0.625,0.361
2023-03-20 21:45:40,0.661,0.618,0.634,0.372
2023-03-20 21:46:00,0.725,0.610,0.638,0.371
2023-03-20 21:46:20,0.744,0.655,0.699,0.374
2023-03-20 21:46:40,0.764,0.688,0.693,0.379
2023-03-20 21:47:00,0.755,0.698,0.700,0.377
2023-03-20 21:47:20,0.726,0.686,0.667,0.400
2023-03-20 21:47:40,0.683,0.647,0.642,0.406
2023-03-20 21:48:00,0.654,0.614,0.611,0.426
2023-03-20 21:48:20,0.653,0.597,0.622,0.427
2023-03-20 21:48:40,0.649,0.594,0.620,0.427
2023-03-20 21:49:00,0.647,0.601,0.622,0.446
2023-03-20 21:49:20,0.639,0.603,0.685,0.433
2023-03-20 21:49:40,0.642,0.604,0.680,0.439
2023-03-20 21:50:00,0.635,0.602,0.682,0.423
2023-03-20 21:50:20,0.639,0.615,0.681,0.441
2023-03-20 21:50:40,0.639,0.611,0.674,0.437
2023-03-20 21:51:00,0.646,0.615,0.662,0.434
2023-03-20 21:51:20,0.645,0.633,0.634,0.441
2023-03-20 21:51:40,0.652,0.651,0.636,0.439
2023-03-20 21:52:00,0.657,0.627,0.630,0.437
2023-03-20 21:52:20,0.674,0.613,0.629,0.447
2023-03-20 21:52:40,0.678,0.601,0.618,0.456
2023-03-20 21:53:00,0.690,0.580,0.610,0.473
2023-03-20 21:53:20,0.680,0.566,0.653,0.457
2023-03-20 21:53:40,0.679,0.552,0.657,0.460
2023-03-20 21:54:00,0.672,0.557,0.686,0.455
2023-03-20 21:54:20,0.685,0.548,0.743,0.460
2023-03-20 21:54:40,0.658,0.555,0.753,0.459
2023-03-20 21:55:00,0.607,0.550,0.773,0.473
2023-03-20 21:55:20,0.635,0.552,0.749,0.467
2023-03-20 21:55:40,0.683,0.544,0.742,0.466
2023-03-20 21:56:00,0.766,0.540,0.676,0.448
2023-03-20 21:56:20,0.783,0.537,0.627,0.450
2023-03-20 21:56:40,0.755,0.540,0.582,0.453
2023-03-20 21:57:00,0.711,0.540,0.550,0.464
2023-03-20 21:57:20,0.683,0.541,0.543,0.458
2023-03-20 21:57:40,0.675,0.545,0.539,0.465
2023-03-20 21:58:00,0.677,0.545,0.540,0.463
2023-03-20 21:58:20,0.676,0.610,0.539,0.463
2023-03-20 21:58:40,0.674,0.672,0.538,0.466
2023-03-20 21:59:00,0.665,0.692,0.540,0.478
2023-03-20 21:59:20,0.664,0.684,0.534,0.493
2023-03-20 21:59:40,0.661,0.636,0.530,0.489
2023-03-20 22:00:00,0.662,0.588,0.528,0.480
2023-03-20 22:00:20,0.659,0.546,0.593,0.476
2023-03-20 22:00:40,0.665,0.511,0.612,0.474
2023-03-20 22:01:00,0.674,0.493,0.611,0.486
2023-03-20 22:01:20,0.679,0.479,0.589,0.481
2023-03-20 22:01:40,0.671,0.471,0.566,0.492
2023-03-20 22:02:00,0.666,0.468,0.542,0.477
2023-03-20 22:02:20,0.657,0.465,0.519,0.497
2023-03-20 22:02:40,0.659,0.457,0.511,0.480
2023-03-20 22:03:00,0.648,0.448,0.492,0.490
2023-03-20 22:03:20,0.651,0.444,0.482,0.476
2023-03-20 22:03:40,0.652,0.445,0.474,0.476
2023-03-20 22:04:00,0.669,0.441,0.474,0.471
2023-03-20 22:04:20,0.667,0.441,0.474,0.470
2023-03-20 22:04:40,0.663,0.437,0.467,0.479
2023-03-20 22:05:00,0.653,0.439,0.459,0.487
2023-03-20 22:05:20,0.649,0.440,0.454,0.494
2023-03-20 22:05:40,0.641,0.443,0.455,0.503
2023-03-20 22:06:00,0.637,0.437,0.457,0.498
2023-03-20 22:06:20,0.640,0.434,0.460,0.487
2023-03-20 22:06:40,0.648,0.430,0.458,0.478
2023-03-20 22:07:00,0.644,0.435,0.457,0.468
2023-03-20 22:07:20,0.730,0.432,0.454,0.476
2023-03-20 22:07:40,0.774,0.435,0.450,0.460
2023-03-20 22:08:00,0.832,0.434,0.450,0.460
2023-03-20 22:08:20,0.738,0.439,0.451,0.449
2023-03-20 22:08:40,0.716,0.434,0.453,0.458
2023-03-20 22:09:00,0.713,0.430,0.451,0.463
2023-03-20 22:09:20,0.706,0.423,0.448,0.484
2023-03-20 22:09:40,0.706,0.426,0.450,0.505
2023-03-20 22:10:00,0.705,0.425,0.454,0.509
2023-03-20 22:10:20,0.707,0.429,0.461,0.511
2023-03-20 22:10:40,0.696,0.425,0.459,0.488
2023-03-20 22:11:00,0.687,0.425,0.452,0.465
2023-03-20 22:11:20,0.679,0.428,0.447,0.456
2023-03-20 22:11:40,0.678,0.429,0.451,0.459
2023-03-20 22:12:00,0.678,0.430,0.454,0.483
2023-03-20 22:12:20,0.678,0.428,0.452,0.480
2023-03-20 22:12:40,0.680,0.430,0.450,0.482
2023-03-20 22:13:00,0.682,0.433,0.447,0.470
2023-03-20 22:13:20,0.685,0.431,0.446,0.477
2023-03-20 22:13:40,0.686,0.433,0.446,0.477
2023-03-20 22:14:00,0.692,0.431,0.450,0.484
2023-03-20 22:14:20,0.690,0.433,0.451,0.491
2023-03-20 22:14:40,0.692,0.429,0.450,0.501
2023-03-20 22:15:00,0.689,0.431,0.449,0.486
2023-03-20 22:15:20,0.694,0.432,0.452,0.471
2023-03-20 22:15:40,0.694,0.433,0.456,0.464
2023-03-20 22:16:00,0.695,0.435,0.459,0.484
2023-03-20 22:16:20,0.696,0.437,0.458,0.477
2023-03-20 22:16:40,0.695,0.438,0.457,0.481
2023-03-20 22:17:00,0.694,0.436,0.458,0.484
2023-03-20 22:17:20,0.694,0.432,0.457,0.490
2023-03-20 22:17:40,0.704,0.434,0.459,0.486
2023-03-20 22:18:00,0.704,0.432,0.459,0.501
2023-03-20 22:18:20,0.702,0.434,0.459,0.504
2023-03-20 22:18:40,0.699,0.433,0.459,0.506
2023-03-20 22:19:00,0.705,0.437,0.460,0.481
2023-03-20 22:19:20,0.717,0.437,0.465,0.498
2023-03-20 22:19:40,0.719,0.442,0.464,0.499
2023-03-20 22:20:00,0.723,0.441,0.468,0.521
2023-03-20 22:20:20,0.718,0.446,0.468,0.501
2023-03-20 22:20:40,0.720,0.446,0.473,0.516
2023-03-20 22:21:00,0.720,0.449,0.472,0.510
2023-03-20 22:21:20,0.722,0.449,0.476,0.518
2023-03-20 22:21:40,0.724,0.451,0.474,0.516
2023-03-20 22:22:00,0.727,0.451,0.476,0.507
2023-03-20 22:22:20,0.736,0.451,0.476,0.513
2023-03-20 22:22:40,0.745,0.454,0.482,0.516
2023-03-20 22:23:00,0.752,0.457,0.484,0.515
2023-03-20 22:23:20,0.752,0.459,0.492,0.522
2023-03-20 22:23:40,0.762,0.458,0.492,0.524
2023-03-20 22:24:00,0.771,0.461,0.495,0.534
2023-03-20 22:24:20,0.777,0.464,0.489,0.533
2023-03-20 22:24:40,0.774,0.461,0.492,0.523
2023-03-20 22:25:00,0.777,0.468,0.492,0.544
2023-03-20 22:25:20,0.779,0.467,0.500,0.544
2023-03-20 22:25:40,0.788,0.477,0.504,0.543
2023-03-20 22:26:00,0.762,0.473,0.510,0.526
2023-03-20 22:26:20,0.763,0.480,0.509,0.519
2023-03-20 22:26:40,0.767,0.484,0.511,0.544
2023-03-20 22:27:00,0.825,0.491,0.510,0.552
2023-03-20 22:27:20,0.823,0.493,0.515,0.569
2023-03-20 22:27:40,0.812,0.495,0.519,0.556
2023-03-20 22:28:00,0.802,0.496,0.525,0.573
2023-03-20 22:28:20,0.808,0.501,0.530,0.574
2023-03-20 22:28:40,0.817,0.504,0.537,0.582
2023-03-20 22:29:00,0.821,0.511,0.542,0.578
2023-03-20 22:29:20,0.831,0.514,0.547,0.597
2023-03-20 22:29:40,0.835,0.519,0.547,0.597
2023-03-20 22:30:00,0.840,0.522,0.550,0.590
2023-03-20 22:30:20,0.843,0.529,0.555,0.567
2023-03-20 22:30:40,0.850,0.531,0.561,0.584
2023-03-20 22:31:00,0.851,0.533,0.563,0.599
2023-03-20 22:31:20,0.863,0.562,0.621,0.624
2023-03-20 22:31:40,0.872,0.572,0.640,0.624
2023-03-20 22:32:00,0.887,0.573,0.647,0.611
2023-03-20 22:32:20,0.878,0.582,0.647,0.603
2023-03-20 22:32:40,0.875,0.578,0.616,0.616
2023-03-20 22:33:00,0.873,0.584,0.608,0.639
2023-03-20 22:33:20,0.804,0.579,0.600,0.652
2023-03-20 22:33:40,0.729,0.586,0.601,0.643
2023-03-20 22:34:00,0.725,0.586,0.589,0.632
2023-03-20 22:34:20,0.805,0.586,0.584,0.631
2023-03-20 22:34:40,0.883,0.579,0.583,0.629
2023-03-20 22:35:00,0.890,0.585,0.590,0.644
2023-03-20 22:35:20,0.891,0.584,0.588,0.648
2023-03-20 22:35:40,0.895,0.592,0.587,0.665
2023-03-20 22:36:00,0.896,0.590,0.586,0.664
2023-03-20 22:36:20,0.902,0.599,0.595,0.670
2023-03-20 22:36:40,0.895,0.599,0.597,0.671
2023-03-20 22:37:00,0.899,0.605,0.606,0.680
2023-03-20 22:37:20,0.892,0.604,0.608,0.678
2023-03-20 22:37:40,0.896,0.613,0.618,0.685
2023-03-20 22:38:00,0.889,0.615,0.620,0.689
2023-03-20 22:38:20,0.834,0.622,0.625,0.706
2023-03-20 22:38:40,0.737,0.623,0.622,0.713
2023-03-20 22:39:00,0.675,0.632,0.625,0.713
2023-03-20 22:39:20,0.712,0.632,0.626,0.723
2023-03-20 22:39:40,0.802,0.638,0.634,0.721
2023-03-20 22:40:00,0.853,0.632,0.635,0.726
2023-03-20 22:40:20,0.859,0.638,0.641,0.732
2023-03-20 22:40:40,0.855,0.634,0.641,0.736
2023-03-20 22:41:00,0.848,0.643,0.651,0.755
2023-03-20 22:41:20,0.860,0.645,0.650,0.749
2023-03-20 22:41:40,0.867,0.655,0.656,0.767
2023-03-20 22:42:00,0.878,0.657,0.650,0.760
2023-03-20 22:42:20,0.870,0.663,0.656,0.772
2023-03-20 22:42:40,0.866,0.661,0.658,0.770
2023-03-20 22:43:00,0.866,0.664,0.666,0.771
2023-03-20 22:43:20,0.845,0.667,0.668,0.763
2023-03-20 22:43:40,0.793,0.670,0.675,0.768
2023-03-20 22:44:00,0.760,0.671,0.680,0.765
2023-03-20 22:44:20,0.760,0.675,0.684,0.776
2023-03-20 22:44:40,0.805,0.674,0.682,0.758
2023-03-20 22:45:00,0.817,0.682,0.681,0.766
2023-03-20 22:45:20,0.829,0.683,0.679,0.735
2023-03-20 22:45:40,0.824,0.697,0.684,0.762
2023-03-20 22:46:00,0.833,0.697,0.685,0.760
2023-03-20 22:46:20,0.822,0.701,0.694,0.808
2023-03-20 22:46:40,0.831,0.699,0.692,0.815
2023-03-20 22:47:00,0.828,0.701,0.696,0.823
2023-03-20 22:47:20,0.834,0.701,0.697,0.818
2023-03-20 22:47:40,0.824,0.706,0.708,0.812
2023-03-20 22:48:00,0.828,0.704,0.714,0.833
2023-03-20 22:48:20,0.824,0.707,0.718,0.832
2023-03-20 22:48:40,0.786,0.706,0.718,0.821
2023-03-20 22:49:00,0.765,0.711,0.721,0.790
2023-03-20 22:49:20,0.750,0.712,0.721,0.779
2023-03-20 22:49:40,0.825,0.714,0.719,0.808
2023-03-20 22:50:00,0.848,0.714,0.714,0.840
2023-03-20 22:50:20,0.867,0.719,0.713,0.844
2023-03-20 22:50:40,0.831,0.720,0.714,0.823
2023-03-20 22:51:00,0.829,0.721,0.720,0.801
2023-03-20 22:51:20,0.817,0.716,0.720,0.813
2023-03-20 22:51:40,0.833,0.718,0.727,0.807
2023-03-20 22:52:00,0.828,0.714,0.723,0.808
2023-03-20 22:52:20,0.833,0.719,0.730,0.786
2023-03-20 22:52:40,0.817,0.721,0.726,0.782
2023-03-20 22:53:00,0.817,0.734,0.729,0.791
2023-03-20 22:53:20,0.809,0.732,0.726,0.805
2023-03-20 22:53:40,0.818,0.730,0.729,0.814
2023-03-20 22:54:00,0.807,0.728,0.731,0.805
2023-03-20 22:54:20,0.820,0.736,0.737,0.800
2023-03-20 22:54:40,0.815,0.736,0.730,0.811
2023-03-20 22:55:00,0.823,0.735,0.736,0.815
2023-03-20 22:55:20,0.808,0.726,0.727,0.829
2023-03-20 22:55:40,0.814,0.728,0.734,0.816
2023-03-20 22:56:00,0.803,0.723,0.725,0.824
2023-03-20 22:56:20,0.813,0.723,0.725,0.815
2023-03-20 22:56:40,0.796,0.720,0.722,0.811
2023-03-20 22:57:00,0.813,0.720,0.718,0.793
2023-03-20 22:57:20,0.797,0.715,0.721,0.800
2023-03-20 22:57:40,0.803,0.714,0.719,0.801
2023-03-20 22:58:00,0.782,0.707,0.716,0.798
2023-03-20 22:58:20,0.790,0.704,0.712,0.782
2023-03-20 22:58:40,0.780,0.707,0.707,0.791
2023-03-20 22:59:00,0.782,0.708,0.708,0.811
2023-03-20 22:59:20,0.774,0.707,0.700,0.810
2023-03-20 22:59:40,0.785,0.702,0.706,0.800
2023-03-20 23:00:00,0.777,0.696,0.700,0.794
2023-03-20 23:00:20,0.782,0.696,0.698,0.797
2023-03-20 23:00:40,0.767,0.687,0.684,0.797
2023-03-20 23:01:00,0.777,0.690,0.684,0.786
2023-03-20 23:01:20,0.759,0.686,0.682,0.794
2023-03-20 23:01:40,0.781,0.685,0.685,0.806
2023-03-20 23:02:00,0.798,0.677,0.677,0.815
2023-03-20 23:02:20,0.814,0.673,0.672,0.808
2023-03-20 23:02:40,0.800,0.669,0.667,0.779
2023-03-20 23:03:00,0.763,0.672,0.666,0.769
2023-03-20 23:03:20,0.770,0.665,0.661,0.758
2023-03-20 23:03:40,0.763,0.660,0.658,0.760
2023-03-20 23:04:00,0.766,0.648,0.649,0.750
2023-03-20 23:04:20,0.759,0.646,0.645,0.742
2023-03-20 23:04:40,0.759,0.640,0.635,0.735
2023-03-20 23:05:00,0.747,0.642,0.632,0.730
2023-03-20 23:05:20,0.745,0.635,0.629,0.714
2023-03-20 23:05:40,0.735,0.635,0.629,0.711
2023-03-20 23:06:00,0.739,0.627,0.626,0.703
2023-03-20 23:06:20,0.729,0.626,0.625,0.710
2023-03-20 23:06:40,0.761,0.618,0.618,0.717
2023-03-20 23:07:00,0.797,0.612,0.615,0.735
2023-03-20 23:07:20,0.829,0.604,0.608,0.726
2023-03-20 23:07:40,0.803,0.604,0.605,0.722
2023-03-20 23:08:00,0.791,0.601,0.599,0.706
2023-03-20 23:08:20,0.782,0.602,0.597,0.705
2023-03-20 23:08:40,0.786,0.598,0.594,0.695
2023-03-20 23:09:00,0.778,0.602,0.593,0.687
2023-03-20 23:09:20,0.786,0.594,0.588,0.678
2023-03-20 23:09:40,0.774,0.593,0.585,0.674
2023-03-20 23:10:00,0.772,0.585,0.581,0.678
2023-03-20 23:10:20,0.759,0.588,0.584,0.685
2023-03-20 23:10:40,0.762,0.581,0.579,0.695
2023-03-20 23:11:00,0.754,0.583,0.577,0.685
2023-03-20 23:11:20,0.762,0.574,0.573,0.674
2023-03-20 23:11:40,0.745,0.578,0.575,0.654
2023-03-20 23:12:00,0.775,0.569,0.571,0.663
2023-03-20 23:12:20,0.776,0.576,0.573,0.682
2023-03-20 23:12:40,0.817,0.567,0.564,0.689
2023-03-20 23:13:00,0.792,0.572,0.566,0.676
2023-03-20 23:13:20,0.792,0.562,0.563,0.662
2023-03-20 23:13:40,0.788,0.567,0.569,0.666
2023-03-20 23:14:00,0.790,0.562,0.566,0.666
2023-03-20 23:14:20,0.785,0.567,0.565,0.667
2023-03-20 23:14:40,0.791,0.562,0.559,0.672
2023-03-20 23:15:00,0.786,0.561,0.562,0.671
2023-03-20 23:15:20,0.792,0.558,0.560,0.665
2023-03-20 23:15:40,0.786,0.561,0.564,0.662
2023-03-20 23:16:00,0.793,0.561,0.560,0.679
2023-03-20 23:16:20,0.784,0.562,0.566,0.668
2023-03-20 23:16:40,0.792,0.561,0.564,0.652
2023-03-20 23:17:00,0.790,0.562,0.568,0.644
2023-03-20 23:17:20,0.798,0.562,0.559,0.667
2023-03-20 23:17:40,0.789,0.566,0.563,0.691
2023-03-20 23:18:00,0.789,0.560,0.559,0.690
2023-03-20 23:18:20,0.783,0.564,0.566,0.688
2023-03-20 23:18:40,0.790,0.564,0.564,0.664
2023-03-20 23:19:00,0.788,0.570,0.566,0.670
2023-03-20 23:19:20,0.795,0.565,0.565,0.668
2023-03-20 23:19:40,0.789,0.569,0.568,0.681
2023-03-20 23:20:00,0.800,0.569,0.569,0.679
2023-03-20 23:20:20,0.796,0.574,0.571,0.674
2023-03-20 23:20:40,0.809,0.565,0.567,0.679
2023-03-20 23:21:00,0.803,0.570,0.570,0.659
2023-03-20 23:21:20,0.811,0.566,0.572,0.667
2023-03-20 23:21:40,0.798,0.571,0.576,0.668
2023-03-20 23:22:00,0.808,0.567,0.577,0.681
2023-03-20 23:22:20,0.806,0.573,0.578,0.685
2023-03-20 23:22:40,0.813,0.573,0.582,0.681
2023-03-20 23:23:00,0.801,0.577,0.581,0.691
2023-03-20 23:23:20,0.803,0.574,0.578,0.703
2023-03-20 23:23:40,0.796,0.576,0.576,0.716
2023-03-20 23:24:00,0.803,0.578,0.574,0.697
2023-03-20 23:24:20,0.801,0.581,0.576,0.690
2023-03-20 23:24:40,0.808,0.581,0.575,0.684
2023-03-20 23:25:00,0.806,0.582,0.580,0.693
2023-03-20 23:25:20,0.809,0.579,0.579,0.688
2023-03-20 23:25:40,0.806,0.575,0.580,0.691
2023-03-20 23:26:00,0.813,0.574,0.579,0.699
2023-03-20 23:26:20,0.810,0.575,0.583,0.701
2023-03-20 23:26:40,0.815,0.578,0.580,0.699
2023-03-20 23:27:00,0.803,0.574,0.578,0.700
2023-03-20 23:27:20,0.802,0.570,0.574,0.694
2023-03-20 23:27:40,0.797,0.571,0.575,0.686
2023-03-20 23:28:00,0.806,0.572,0.574,0.680
2023-03-20 23:28:20,0.801,0.581,0.574,0.669
2023-03-20 23:28:40,0.807,0.575,0.572,0.670
2023-03-20 23:29:00,0.798,0.574,0.571,0.668
2023-03-20 23:29:20,0.806,0.568,0.572,0.687
2023-03-20 23:29:40,0.802,0.572,0.572,0.688
2023-03-20 23:30:00,0.809,0.573,0.571,0.686
2023-03-20 23:30:20,0.805,0.571,0.572,0.683
2023-03-20 23:30:40,0.806,0.567,0.572,0.678
2023-03-20 23:31:00,0.796,0.569,0.573,0.690
2023-03-20 23:31:20,0.799,0.566,0.573,0.702
2023-03-20 23:31:40,0.795,0.570,0.574,0.723
2023-03-20 23:32:00,0.800,0.565,0.567,0.703
2023-03-20 23:32:20,0.793,0.571,0.564,0.677
2023-03-20 23:32:40,0.792,0.565,0.562,0.660
2023-03-20 23:33:00,0.783,0.566,0.568,0.674
2023-03-20 23:33:20,0.785,0.561,0.567,0.699
2023-03-20 23:33:40,0.780,0.563,0.569,0.691
2023-03-20 23:34:00,0.787,0.558,0.565,0.700
2023-03-20 23:34:20,0.782,0.561,0.562,0.674
2023-03-20 23:34:40,0.792,0.559,0.555,0.675
2023-03-20 23:35:00,0.785,0.564,0.557,0.661
2023-03-20 23:35:20,0.794,0.560,0.556,0.673
2023-03-20 23:35:40,0.782,0.563,0.559,0.683
2023-03-20 23:36:00,0.789,0.556,0.556,0.692
2023-03-20 23:36:20,0.779,0.564,0.560,0.690
2023-03-20 23:36:40,0.789,0.563,0.561,0.682
2023-03-20 23:37:00,0.789,0.571,0.568,0.672
2023-03-20 23:37:20,0.798,0.566,0.567,0.671
2023-03-20 23:37:40,0.795,0.571,0.573,0.685
2023-03-20 23:38:00,0.799,0.570,0.572,0.680
2023-03-20 23:38:20,0.798,0.580,0.578,0.693
2023-03-20 23:38:40,0.808,0.577,0.573,0.700
2023-03-20 23:39:00,0.805,0.584,0.579,0.717
2023-03-20 23:39:20,0.814,0.581,0.581,0.731
2023-03-20 23:39:40,0.815,0.592,0.589,0.738
2023-03-20 23:40:00,0.825,0.588,0.588,0.746
2023-03-20 23:40:20,0.821,0.597,0.593,0.728
2023-03-20 23:40:40,0.836,0.592,0.595,0.729
2023-03-20 23:41:00,0.833,0.603,0.607,0.731
2023-03-20 23:41:20,0.850,0.607,0.612,0.752
2023-03-20 23:41:40,0.835,0.621,0.617,0.754
2023-03-20 23:42:00,0.847,0.624,0.618,0.772
2023-03-20 23:42:20,0.837,0.633,0.623,0.772
2023-03-20 23:42:40,0.844,0.637,0.628,0.798
2023-03-20 23:43:00,0.839,0.647,0.638,0.804
2023-03-20 23:43:20,0.849,0.646,0.645,0.817
2023-03-20 23:43:40,0.849,0.651,0.654,0.820
2023-03-20 23:44:00,0.832,0.652,0.656,0.835
2023-03-20 23:44:20,0.754,0.664,0.665,0.836
2023-03-20 23:44:40,0.678,0.667,0.670,0.820
2023-03-20 23:45:00,0.622,0.679,0.683,0.814
2023-03-20 23:45:20,0.652,0.683,0.683,0.839
2023-03-20 23:45:40,0.714,0.695,0.699,0.863
2023-03-20 23:46:00,0.777,0.700,0.698,0.880
2023-03-20 23:46:20,0.809,0.710,0.713,0.887
2023-03-20 23:46:40,0.817,0.713,0.714,0.894
2023-03-20 23:47:00,0.803,0.722,0.729,0.899
2023-03-20 23:47:20,0.810,0.729,0.734,0.875
2023-03-20 23:47:40,0.784,0.749,0.748,0.851
2023-03-20 23:48:00,0.783,0.756,0.755,0.828
2023-03-20 23:48:20,0.805,0.769,0.773,0.832
2023-03-20 23:48:40,0.841,0.777,0.782,0.856
2023-03-20 23:49:00,0.876,0.788,0.801,0.865
2023-03-20 23:49:20,0.872,0.800,0.806,0.851
2023-03-20 23:49:40,0.748,0.808,0.821,0.836
2023-03-20 23:50:00,0.621,0.822,0.827,0.818
2023-03-20 23:50:20,0.520,0.831,0.844,0.818
2023-03-20 23:50:40,0.550,0.841,0.850,0.809
2023-03-20 23:51:00,0.587,0.851,0.862,0.805
2023-03-20 23:51:20,0.637,0.860,0.865,0.786
2023-03-20 23:51:40,0.693,0.869,0.873,0.786
2023-03-20 23:52:00,0.731,0.876,0.878,0.792
2023-03-20 23:52:20,0.772,0.879,0.889,0.792
2023-03-20 23:52:40,0.766,0.884,0.890,0.800
2023-03-20 23:53:00,0.768,0.883,0.898,0.796
2023-03-20 23:53:20,0.762,0.899,0.899,0.831
2023-03-20 23:53:40,0.768,0.890,0.911,0.814
2023-03-20 23:54:00,0.785,0.896,0.911,0.809
2023-03-20 23:54:20,0.809,0.893,0.921,0.792
2023-03-20 23:54:40,0.783,0.906,0.921,0.825
2023-03-20 23:55:00,0.746,0.911,0.930,0.861
2023-03-20 23:55:20,0.675,0.916,0.927,0.886
2023-03-20 23:55:40,0.683,0.921,0.936,0.880
2023-03-20 23:56:00,0.698,0.927,0.933,0.873
2023-03-20 23:56:20,0.763,0.925,0.942,0.841
2023-03-20 23:56:40,0.805,0.928,0.937,0.844
2023-03-20 23:57:00,0.751,0.924,0.937,0.831
2023-03-20 23:57:20,0.741,0.922,0.939,0.858
2023-03-20 23:57:40,0.731,0.921,0.944,0.848
2023-03-20 23:58:00,0.798,0.923,0.951,0.868
2023-03-20 23:58:20,0.795,0.922,0.951,0.852
2023-03-20 23:58:40,0.798,0.920,0.950,0.864
2023-03-20 23:59:00,0.817,0.922,0.953,0.855
2023-03-20 23:59:20,0.808,0.923,0.949,0.863
2023-03-20 23:59:40,0.834,0.924,0.952,0.858
2023-03-21 00:00:00,0.861,0.920,0.947,0.833
2023-03-21 00:00:20,0.920,0.915,0.951,0.837
2023-03-21 00:00:40,0.926,0.912,0.946,0.828
2023-03-21 00:01:00,0.917,0.914,0.955,0.843
2023-03-21 00:01:20,0.913,0.921,0.949,0.837
2023-03-21 00:01:40,0.931,0.927,0.953,0.863
2023-03-21 00:02:00,0.889,0.921,0.940,0.841
2023-03-21 00:02:20,0.896,0.926,0.943,0.841
2023-03-21 00:02:40,0.893,0.925,0.936,0.831
2023-03-21 00:03:00,0.939,0.931,0.941,0.863
2023-03-21 00:03:20,0.933,0.922,0.936,0.882
2023-03-21 00:03:40,0.929,0.922,0.936,0.869
2023-03-21 00:04:00,0.929,0.924,0.932,0.862
2023-03-21 00:04:20,0.918,0.927,0.933,0.846
2023-03-21 00:04:40,0.905,0.925,0.926,0.862
2023-03-21 00:05:00,0.897,0.921,0.932,0.857
2023-03-21 00:05:20,0.897,0.917,0.925,0.850
2023-03-21 00:05:40,0.907,0.913,0.927,0.848
2023-03-21 00:06:00,0.915,0.909,0.916,0.879
2023-03-21 00:06:20,0.914,0.909,0.922,0.901
2023-03-21 00:06:40,0.915,0.907,0.911,0.894
2023-03-21 00:07:00,0.883,0.907,0.916,0.876
2023-03-21 00:07:20,0.887,0.896,0.905,0.869
2023-03-21 00:07:40,0.883,0.885,0.907,0.863
2023-03-21 00:08:00,0.907,0.884,0.893,0.867
2023-03-21 00:08:20,0.898,0.888,0.892,0.868
2023-03-21 00:08:40,0.892,0.892,0.885,0.881
2023-03-21 00:09:00,0.890,0.881,0.890,0.876
2023-03-21 00:09:20,0.888,0.882,0.879,0.882
2023-03-21 00:09:40,0.885,0.878,0.880,0.877
2023-03-21 00:10:00,0.885,0.880,0.870,0.873
2023-03-21 00:10:20,0.880,0.873,0.876,0.861
2023-03-21 00:10:40,0.882,0.872,0.868,0.840
2023-03-21 00:11:00,0.874,0.865,0.871,0.823
2023-03-21 00:11:20,0.877,0.864,0.857,0.800
2023-03-21 00:11:40,0.871,0.860,0.860,0.796
2023-03-21 00:12:00,0.841,0.865,0.854,0.768
2023-03-21 00:12:20,0.854,0.854,0.852,0.803
2023-03-21 00:12:40,0.852,0.845,0.838,0.783
2023-03-21 00:13:00,0.874,0.828,0.829,0.810
2023-03-21 00:13:20,0.855,0.826,0.823,0.785
2023-03-21 00:13:40,0.844,0.825,0.825,0.793
2023-03-21 00:14:00,0.838,0.819,0.817,0.783
2023-03-21 00:14:20,0.783,0.817,0.815,0.776
2023-03-21 00:14:40,0.776,0.810,0.805,0.786
2023-03-21 00:15:00,0.704,0.805,0.803,0.804
2023-03-21 00:15:20,0.745,0.798,0.792,0.793
2023-03-21 00:15:40,0.724,0.794,0.790,0.798
2023-03-21 00:16:00,0.773,0.784,0.777,0.777
2023-03-21 00:16:20,0.765,0.773,0.773,0.787
2023-03-21 00:16:40,0.799,0.759,0.763,0.800
2023-03-21 00:17:00,0.773,0.753,0.760,0.821
2023-03-21 00:17:20,0.778,0.747,0.754,0.826
2023-03-21 00:17:40,0.745,0.746,0.750,0.795
2023-03-21 00:18:00,0.754,0.737,0.742,0.791
2023-03-21 00:18:20,0.734,0.734,0.738,0.788
2023-03-21 00:18:40,0.740,0.727,0.729,0.792
2023-03-21 00:19:00,0.729,0.724,0.724,0.783
2023-03-21 00:19:20,0.751,0.713,0.713,0.792
2023-03-21 00:19:40,0.763,0.711,0.708,0.797
2023-03-21 00:20:00,0.771,0.703,0.700,0.819
2023-03-21 00:20:20,0.743,0.695,0.695,0.817
2023-03-21 00:20:40,0.733,0.691,0.689,0.839
2023-03-21 00:21:00,0.727,0.691,0.687,0.833
2023-03-21 00:21:20,0.733,0.694,0.684,0.847
2023-03-21 00:21:40,0.725,0.685,0.684,0.856
2023-03-21 00:22:00,0.728,0.679,0.678,0.863
2023-03-21 00:22:20,0.712,0.676,0.675,0.861
2023-03-21 00:22:40,0.711,0.669,0.667,0.857
2023-03-21 00:23:00,0.694,0.664,0.662,0.866
2023-03-21 00:23:20,0.701,0.656,0.654,0.858
2023-03-21 00:23:40,0.693,0.658,0.654,0.855
2023-03-21 00:24:00,0.699,0.654,0.650,0.854
2023-03-21 00:24:20,0.684,0.653,0.650,0.853
2023-03-21 00:24:40,0.721,0.642,0.641,0.857
2023-03-21 00:25:00,0.760,0.638,0.639,0.841
2023-03-21 00:25:20,0.810,0.633,0.634,0.859
2023-03-21 00:25:40,0.829,0.635,0.634,0.838
2023-03-21 00:26:00,0.812,0.634,0.629,0.835
2023-03-21 00:26:20,0.809,0.632,0.628,0.819
2023-03-21 00:26:40,0.797,0.627,0.622,0.831
2023-03-21 00:27:00,0.797,0.623,0.622,0.837
2023-03-21 00:27:20,0.789,0.619,0.619,0.813
2023-03-21 00:27:40,0.790,0.623,0.619,0.807
2023-03-21 00:28:00,0.787,0.624,0.618,0.793
2023-03-21 00:28:20,0.790,0.623,0.616,0.801
2023-03-21 00:28:40,0.784,0.618,0.616,0.785
2023-03-21 00:29:00,0.787,0.619,0.615,0.790
2023-03-21 00:29:20,0.775,0.616,0.614,0.806
2023-03-21 00:29:40,0.778,0.618,0.616,0.819
2023-03-21 00:30:00,0.769,0.611,0.611,0.831
2023-03-21 00:30:20,0.777,0.613,0.613,0.811
2023-03-21 00:30:40,0.771,0.608,0.612,0.800
2023-03-21 00:31:00,0.810,0.614,0.615,0.794
2023-03-21 00:31:20,0.839,0.613,0.607,0.811
2023-03-21 00:31:40,0.847,0.616,0.605,0.813
2023-03-21 00:32:00,0.842,0.610,0.603,0.819
2023-03-21 00:32:20,0.836,0.614,0.609,0.806
2023-03-21 00:32:40,0.845,0.608,0.610,0.812
2023-03-21 00:33:00,0.841,0.614,0.613,0.789
2023-03-21 00:33:20,0.836,0.610,0.611,0.793
2023-03-21 00:33:40,0.819,0.612,0.609,0.804
2023-03-21 00:34:00,0.818,0.606,0.606,0.812
2023-03-21 00:34:20,0.821,0.616,0.608,0.817
2023-03-21 00:34:40,0.843,0.621,0.613,0.799
2023-03-21 00:35:00,0.836,0.627,0.615,0.800
2023-03-21 00:35:20,0.834,0.621,0.619,0.799
2023-03-21 00:35:40,0.826,0.623,0.620,0.812
2023-03-21 00:36:00,0.841,0.621,0.619,0.817
2023-03-21 00:36:20,0.836,0.623,0.621,0.820
2023-03-21 00:36:40,0.828,0.622,0.621,0.804
2023-03-21 00:37:00,0.824,0.629,0.627,0.805
2023-03-21 00:37:20,0.825,0.629,0.623,0.800
2023-03-21 00:37:40,0.835,0.631,0.625,0.811
2023-03-21 00:38:00,0.834,0.630,0.626,0.808
2023-03-21 00:38:20,0.847,0.629,0.629,0.817
2023-03-21 00:38:40,0.854,0.625,0.626,0.831
2023-03-21 00:39:00,0.851,0.628,0.626,0.846
2023-03-21 00:39:20,0.839,0.630,0.625,0.851
2023-03-21 00:39:40,0.832,0.635,0.629,0.844
2023-03-21 00:40:00,0.836,0.633,0.627,0.843
2023-03-21 00:40:20,0.842,0.635,0.627,0.835
2023-03-21 00:40:40,0.842,0.630,0.625,0.844
2023-03-21 00:41:00,0.844,0.633,0.630,0.837
2023-03-21 00:41:20,0.851,0.630,0.630,0.831
2023-03-21 00:41:40,0.849,0.637,0.636,0.831
2023-03-21 00:42:00,0.841,0.634,0.631,0.814
2023-03-21 00:42:20,0.829,0.640,0.634,0.836
2023-03-21 00:42:40,0.831,0.638,0.632,0.824
2023-03-21 00:43:00,0.838,0.642,0.638,0.833
2023-03-21 00:43:20,0.844,0.640,0.639,0.814
2023-03-21 00:43:40,0.842,0.647,0.643,0.822
2023-03-21 00:44:00,0.845,0.643,0.640,0.815
2023-03-21 00:44:20,0.831,0.647,0.643,0.807
2023-03-21 00:44:40,0.845,0.642,0.642,0.809
2023-03-21 00:45:00,0.737,0.647,0.641,0.820
2023-03-21 00:45:20,0.650,0.643,0.637,0.842
2023-03-21 00:45:40,0.546,0.644,0.637,0.855
2023-03-21 00:46:00,0.592,0.640,0.636,0.865
2023-03-21 00:46:20,0.678,0.644,0.641,0.862
2023-03-21 00:46:40,0.802,0.640,0.637,0.846
2023-03-21 00:47:00,0.865,0.643,0.641,0.852
2023-03-21 00:47:20,0.878,0.640,0.639,0.849
2023-03-21 00:47:40,0.854,0.642,0.644,0.841
2023-03-21 00:48:00,0.853,0.646,0.643,0.829
2023-03-21 00:48:20,0.846,0.646,0.643,0.840
2023-03-21 00:48:40,0.844,0.650,0.639,0.853
2023-03-21 00:49:00,0.835,0.647,0.639,0.875
2023-03-21 00:49:20,0.840,0.642,0.636,0.863
2023-03-21 00:49:40,0.837,0.641,0.640,0.860
2023-03-21 00:50:00,0.844,0.636,0.637,0.845
2023-03-21 00:50:20,0.835,0.639,0.641,0.847
2023-03-21 00:50:40,0.840,0.637,0.636,0.858
2023-03-21 00:51:00,0.836,0.641,0.638,0.867
2023-03-21 00:51:20,0.841,0.639,0.634,0.864
2023-03-21 00:51:40,0.833,0.641,0.639,0.860
2023-03-21 00:52:00,0.839,0.640,0.635,0.850
2023-03-21 00:52:20,0.830,0.644,0.639,0.849
2023-03-21 00:52:40,0.831,0.643,0.636,0.843
2023-03-21 00:53:00,0.819,0.644,0.641,0.842
2023-03-21 00:53:20,0.823,0.639,0.637,0.855
2023-03-21 00:53:40,0.821,0.640,0.638,0.843
2023-03-21 00:54:00,0.825,0.637,0.633,0.838
2023-03-21 00:54:20,0.824,0.641,0.636,0.825
2023-03-21 00:54:40,0.828,0.636,0.632,0.847
2023-03-21 00:55:00,0.821,0.636,0.633,0.853
2023-03-21 00:55:20,0.819,0.632,0.627,0.865
2023-03-21 00:55:40,0.813,0.635,0.628,0.858
2023-03-21 00:56:00,0.818,0.630,0.623,0.854
2023-03-21 00:56:20,0.813,0.631,0.622,0.857
2023-03-21 00:56:40,0.818,0.628,0.617,0.849
2023-03-21 00:57:00,0.819,0.634,0.619,0.844
2023-03-21 00:57:20,0.819,0.630,0.614,0.830
2023-03-21 00:57:40,0.809,0.633,0.618,0.816
2023-03-21 00:58:00,0.805,0.626,0.615,0.797
2023-03-21 00:58:20,0.800,0.626,0.620,0.811
2023-03-21 00:58:40,0.803,0.619,0.616,0.830
2023-03-21 00:59:00,0.797,0.622,0.618,0.848
2023-03-21 00:59:20,0.799,0.616,0.610,0.832
2023-03-21 00:59:40,0.790,0.613,0.611,0.827
2023-03-21 01:00:00,0.790,0.608,0.607,0.833
2023-03-21 01:00:20,0.817,0.609,0.611,0.834
2023-03-21 01:00:40,0.856,0.607,0.607,0.837
2023-03-21 01:01:00,0.889,0.609,0.608,0.827
2023-03-21 01:01:20,0.912,0.604,0.602,0.826
2023-03-21 01:01:40,0.902,0.608,0.603,0.822
2023-03-21 01:02:00,0.897,0.601,0.598,0.833
2023-03-21 01:02:20,0.875,0.604,0.600,0.832
2023-03-21 01:02:40,0.860,0.593,0.595,0.823
2023-03-21 01:03:00,0.840,0.596,0.592,0.804
2023-03-21 01:03:20,0.838,0.587,0.584,0.787
2023-03-21 01:03:40,0.827,0.585,0.581,0.785
2023-03-21 01:04:00,0.828,0.578,0.576,0.776
2023-03-21 01:04:20,0.815,0.580,0.577,0.776
2023-03-21 01:04:40,0.815,0.576,0.572,0.769
2023-03-21 01:05:00,0.803,0.576,0.574,0.777
2023-03-21 01:05:20,0.801,0.571,0.568,0.786
2023-03-21 01:05:40,0.792,0.568,0.571,0.796
2023-03-21 01:06:00,0.791,0.562,0.565,0.788
2023-03-21 01:06:20,0.782,0.561,0.565,0.781
2023-03-21 01:06:40,0.815,0.556,0.555,0.776
2023-03-21 01:07:00,0.848,0.553,0.555,0.776
2023-03-21 01:07:20,0.896,0.546,0.549,0.764
2023-03-21 01:07:40,0.891,0.544,0.550,0.754
2023-03-21 01:08:00,0.887,0.539,0.547,0.760
2023-03-21 01:08:20,0.885,0.536,0.547,0.760
2023-03-21 01:08:40,0.887,0.532,0.542,0.751
2023-03-21 01:09:00,0.879,0.532,0.544,0.754
2023-03-21 01:09:20,0.880,0.529,0.538,0.763
2023-03-21 01:09:40,0.873,0.530,0.534,0.774
2023-03-21 01:10:00,0.877,0.524,0.527,0.755
2023-03-21 01:10:20,0.866,0.523,0.527,0.748
2023-03-21 01:10:40,0.868,0.518,0.526,0.740
2023-03-21 01:11:00,0.857,0.521,0.525,0.731
2023-03-21 01:11:20,0.860,0.518,0.519,0.716
2023-03-21 01:11:40,0.850,0.517,0.518,0.722
2023-03-21 01:12:00,0.852,0.511,0.515,0.740
2023-03-21 01:12:20,0.839,0.515,0.517,0.740
2023-03-21 01:12:40,0.835,0.509,0.514,0.735
2023-03-21 01:13:00,0.825,0.511,0.515,0.735
2023-03-21 01:13:20,0.826,0.504,0.511,0.740
2023-03-21 01:13:40,0.820,0.506,0.506,0.734
2023-03-21 01:14:00,0.822,0.502,0.502,0.723
2023-03-21 01:14:20,0.814,0.500,0.501,0.714
2023-03-21 01:14:40,0.815,0.494,0.502,0.707
2023-03-21 01:15:00,0.806,0.494,0.501,0.696
2023-03-21 01:15:20,0.809,0.497,0.499,0.703
2023-03-21 01:15:40,0.806,0.499,0.498,0.705
2023-03-21 01:16:00,0.806,0.497,0.495,0.700
2023-03-21 01:16:20,0.793,0.492,0.495,0.700
2023-03-21 01:16:40,0.789,0.487,0.490,0.713
2023-03-21 01:17:00,0.779,0.487,0.492,0.710
2023-03-21 01:17:20,0.785,0.481,0.491,0.710
2023-03-21 01:17:40,0.777,0.482,0.492,0.695
2023-03-21 01:18:00,0.778,0.478,0.489,0.698
2023-03-21 01:18:20,0.805,0.484,0.487,0.694
2023-03-21 01:18:40,0.833,0.482,0.486,0.697
2023-03-21 01:19:00,0.876,0.485,0.485,0.704
2023-03-21 01:19:20,0.853,0.478,0.483,0.703
2023-03-21 01:19:40,0.838,0.480,0.481,0.680
2023-03-21 01:20:00,0.841,0.473,0.479,0.690
2023-03-21 01:20:20,0.836,0.471,0.479,0.686
2023-03-21 01:20:40,0.848,0.466,0.476,0.701
2023-03-21 01:21:00,0.841,0.468,0.475,0.683
2023-03-21 01:21:20,0.847,0.467,0.468,0.676
2023-03-21 01:21:40,0.838,0.471,0.468,0.683
2023-03-21 01:22:00,0.841,0.466,0.463,0.671
2023-03-21 01:22:20,0.826,0.468,0.463,0.675
2023-03-21 01:22:40,0.827,0.461,0.461,0.684
2023-03-21 01:23:00,0.815,0.464,0.464,0.688
2023-03-21 01:23:20,0.819,0.457,0.464,0.691
2023-03-21 01:23:40,0.807,0.456,0.463,0.686
2023-03-21 01:24:00,0.811,0.450,0.461,0.701
2023-03-21 01:24:20,0.804,0.456,0.458,0.703
2023-03-21 01:24:40,0.810,0.455,0.457,0.684
2023-03-21 01:25:00,0.801,0.457,0.456,0.663
2023-03-21 01:25:20,0.800,0.449,0.454,0.657
2023-03-21 01:25:40,0.793,0.447,0.452,0.661
2023-03-21 01:26:00,0.794,0.444,0.448,0.672
2023-03-21 01:26:20,0.789,0.447,0.451,0.672
2023-03-21 01:26:40,0.785,0.445,0.446,0.670
2023-03-21 01:27:00,0.775,0.445,0.446,0.660
2023-03-21 01:27:20,0.774,0.440,0.437,0.656
2023-03-21 01:27:40,0.770,0.438,0.439,0.667
2023-03-21 01:28:00,0.774,0.432,0.436,0.672
2023-03-21 01:28:20,0.764,0.431,0.440,0.670
2023-03-21 01:28:40,0.763,0.427,0.440,0.641
2023-03-21 01:29:00,0.753,0.431,0.439,0.633
2023-03-21 01:29:20,0.754,0.427,0.434,0.638
2023-03-21 01:29:40,0.749,0.425,0.428,0.635
2023-03-21 01:30:00,0.749,0.421,0.427,0.637
2023-03-21 01:30:20,0.741,0.422,0.428,0.615
2023-03-21 01:30:40,0.738,0.419,0.426,0.625
2023-03-21 01:31:00,0.728,0.421,0.423,0.631
2023-03-21 01:31:20,0.728,0.417,0.419,0.646
2023-03-21 01:31:40,0.723,0.421,0.420,0.644
2023-03-21 01:32:00,0.727,0.415,0.416,0.625
2023-03-21 01:32:20,0.718,0.416,0.416,0.599
2023-03-21 01:32:40,0.715,0.409,0.411,0.594
2023-03-21 01:33:00,0.721,0.409,0.409,0.600
2023-03-21 01:33:20,0.780,0.405,0.404,0.619
2023-03-21 01:33:40,0.836,0.405,0.406,0.614
2023-03-21 01:34:00,0.920,0.398,0.403,0.612
2023-03-21 01:34:20,0.881,0.397,0.400,0.605
2023-03-21 01:34:40,0.840,0.389,0.395,0.620
2023-03-21 01:35:00,0.801,0.392,0.431,0.620
2023-03-21 01:35:20,0.792,0.383,0.514,0.618
2023-03-21 01:35:40,0.784,0.382,0.541,0.603
2023-03-21 01:36:00,0.783,0.375,0.547,0.581
2023-03-21 01:36:20,0.772,0.379,0.430,0.586
2023-03-21 01:36:40,0.768,0.380,0.407,0.588
2023-03-21 01:37:00,0.763,0.382,0.409,0.608
2023-03-21 01:37:20,0.765,0.380,0.402,0.600
2023-03-21 01:37:40,0.761,0.380,0.405,0.583
2023-03-21 01:38:00,0.763,0.373,0.396,0.576
2023-03-21 01:38:20,0.758,0.370,0.394,0.578
2023-03-21 01:38:40,0.754,0.367,0.385,0.593
2023-03-21 01:39:00,0.748,0.373,0.384,0.595
2023-03-21 01:39:20,0.741,0.374,0.382,0.593
2023-03-21 01:39:40,0.739,0.379,0.384,0.590
2023-03-21 01:40:00,0.737,0.400,0.383,0.585
2023-03-21 01:40:20,0.734,0.488,0.380,0.577
2023-03-21 01:40:40,0.736,0.506,0.376,0.565
2023-03-21 01:41:00,0.738,0.524,0.377,0.564
2023-03-21 01:41:20,0.736,0.396,0.377,0.559
2023-03-21 01:41:40,0.731,0.378,0.380,0.569
2023-03-21 01:42:00,0.724,0.384,0.399,0.579
2023-03-21 01:42:20,0.725,0.379,0.432,0.585
2023-03-21 01:42:40,0.724,0.380,0.441,0.592
2023-03-21 01:43:00,0.722,0.374,0.430,0.574
2023-03-21 01:43:20,0.718,0.372,0.399,0.560
2023-03-21 01:43:40,0.711,0.369,0.399,0.549
2023-03-21 01:44:00,0.712,0.373,0.393,0.551
2023-03-21 01:44:20,0.713,0.372,0.395,0.557
2023-03-21 01:44:40,0.720,0.375,0.392,0.551
2023-03-21 01:45:00,0.716,0.370,0.394,0.550
2023-03-21 01:45:20,0.719,0.371,0.392,0.558
2023-03-21 01:45:40,0.716,0.368,0.390,0.570
2023-03-21 01:46:00,0.718,0.369,0.388,0.587
2023-03-21 01:46:20,0.716,0.368,0.391,0.584
2023-03-21 01:46:40,0.717,0.369,0.390,0.579
2023-03-21 01:47:00,0.715,0.381,0.393,0.563
2023-03-21 01:47:20,0.717,0.427,0.390,0.569
2023-03-21 01:47:40,0.717,0.446,0.391,0.571
2023-03-21 01:48:00,0.722,0.439,0.390,0.567
2023-03-21 01:48:20,0.722,0.408,0.392,0.565
2023-03-21 01:48:40,0.724,0.412,0.393,0.570
2023-03-21 01:49:00,0.725,0.411,0.406,0.572
2023-03-21 01:49:20,0.729,0.412,0.443,0.586
2023-03-21 01:49:40,0.734,0.409,0.472,0.577
2023-03-21 01:50:00,0.737,0.411,0.471,0.600
2023-03-21 01:50:20,0.734,0.409,0.454,0.594
2023-03-21 01:50:40,0.731,0.411,0.452,0.606
2023-03-21 01:51:00,0.729,0.411,0.455,0.605
2023-03-21 01:51:20,0.733,0.416,0.453,0.587
2023-03-21 01:51:40,0.734,0.415,0.452,0.567
2023-03-21 01:52:00,0.735,0.417,0.451,0.562
2023-03-21 01:52:20,0.731,0.416,0.457,0.573
2023-03-21 01:52:40,0.728,0.417,0.456,0.592
2023-03-21 01:53:00,0.724,0.412,0.458,0.600
2023-03-21 01:53:20,0.725,0.414,0.452,0.602
2023-03-21 01:53:40,0.720,0.410,0.453,0.596
2023-03-21 01:54:00,0.724,0.412,0.448,0.589
2023-03-21 01:54:20,0.721,0.406,0.452,0.572
2023-03-21 01:54:40,0.726,0.405,0.449,0.575
2023-03-21 01:55:00,0.718,0.401,0.447,0.573
2023-03-21 01:55:20,0.717,0.402,0.446,0.590
2023-03-21 01:55:40,0.710,0.403,0.448,0.594
2023-03-21 01:56:00,0.711,0.405,0.444,0.586
2023-03-21 01:56:20,0.705,0.401,0.437,0.576
2023-03-21 01:56:40,0.704,0.401,0.434,0.579
2023-03-21 01:57:00,0.700,0.396,0.436,0.590
2023-03-21 01:57:20,0.698,0.396,0.437,0.589
2023-03-21 01:57:40,0.688,0.392,0.436,0.577
2023-03-21 01:58:00,0.685,0.389,0.432,0.565
2023-03-21 01:58:20,0.680,0.386,0.432,0.562
2023-03-21 01:58:40,0.678,0.386,0.426,0.546
2023-03-21 01:59:00,0.669,0.391,0.422,0.542
2023-03-21 01:59:20,0.664,0.437,0.413,0.535
2023-03-21 01:59:40,0.655,0.434,0.413,0.535
2023-03-21 02:00:00,0.657,0.450,0.409,0.534
2023-03-21 02:00:20,0.650,0.400,0.408,0.528
2023-03-21 02:00:40,0.718,0.402,0.401,0.532
2023-03-21 02:01:00,0.785,0.396,0.398,0.523
2023-03-21 02:01:20,0.889,0.396,0.392,0.526
2023-03-21 02:01:40,0.907,0.393,0.394,0.519
2023-03-21 02:02:00,0.851,0.389,0.389,0.511
2023-03-21 02:02:20,0.812,0.381,0.387,0.505
2023-03-21 02:02:40,0.788,0.375,0.380,0.503
2023-03-21 02:03:00,0.773,0.369,0.377,0.503
2023-03-21 02:03:20,0.770,0.366,0.372,0.491
2023-03-21 02:03:40,0.756,0.361,0.370,0.496
2023-03-21 02:04:00,0.744,0.358,0.370,0.507
2023-03-21 02:04:20,0.724,0.354,0.401,0.506
2023-03-21 02:04:40,0.711,0.349,0.403,0.488
2023-03-21 02:05:00,0.704,0.346,0.403,0.463
2023-03-21 02:05:20,0.696,0.343,0.368,0.468
2023-03-21 02:05:40,0.692,0.338,0.366,0.469
2023-03-21 02:06:00,0.681,0.339,0.362,0.471
2023-03-21 02:06:20,0.668,0.383,0.361,0.458
2023-03-21 02:06:40,0.657,0.390,0.353,0.455
2023-03-21 02:07:00,0.642,0.397,0.351,0.448
2023-03-21 02:07:20,0.633,0.343,0.348,0.449
2023-03-21 02:07:40,0.618,0.338,0.346,0.437
2023-03-21 02:08:00,0.613,0.333,0.339,0.451
2023-03-21 02:08:20,0.606,0.329,0.334,0.437
2023-03-21 02:08:40,0.599,0.323,0.327,0.437
2023-03-21 02:09:00,0.588,0.318,0.327,0.422
2023-03-21 02:09:20,0.581,0.313,0.364,0.430
2023-03-21 02:09:40,0.575,0.310,0.373,0.418
2023-03-21 02:10:00,0.572,0.303,0.393,0.417
2023-03-21 02:10:20,0.561,0.302,0.351,0.425
2023-03-21 02:10:40,0.554,0.300,0.345,0.422
2023-03-21 02:11:00,0.553,0.300,0.346,0.419
2023-03-21 02:11:20,0.628,0.297,0.343,0.413
2023-03-21 02:11:40,0.665,0.293,0.339,0.430
2023-03-21 02:12:00,0.763,0.292,0.332,0.412
2023-03-21 02:12:20,0.699,0.286,0.351,0.408
2023-03-21 02:12:40,0.694,0.283,0.357,0.409
2023-03-21 02:13:00,0.691,0.284,0.374,0.403
2023-03-21 02:13:20,0.688,0.321,0.358,0.401
2023-03-21 02:13:40,0.681,0.334,0.350,0.399
2023-03-21 02:14:00,0.673,0.370,0.347,0.402
2023-03-21 02:14:20,0.657,0.338,0.339,0.401
2023-03-21 02:14:40,0.651,0.343,0.340,0.394
2023-03-21 02:15:00,0.638,0.340,0.339,0.399
2023-03-21 02:15:20,0.643,0.339,0.337,0.405
2023-03-21 02:15:40,0.638,0.331,0.335,0.399
2023-03-21 02:16:00,0.640,0.329,0.373,0.403
2023-03-21 02:16:20,0.632,0.330,0.386,0.387
2023-03-21 02:16:40,0.637,0.327,0.394,0.399
2023-03-21 02:17:00,0.636,0.329,0.381,0.384
2023-03-21 02:17:20,0.642,0.322,0.383,0.392
2023-03-21 02:17:40,0.636,0.326,0.380,0.390
2023-03-21 02:18:00,0.637,0.324,0.378,0.407
2023-03-21 02:18:20,0.631,0.330,0.375,0.385
2023-03-21 02:18:40,0.635,0.329,0.379,0.393
2023-03-21 02:19:00,0.632,0.330,0.386,0.400
2023-03-21 02:19:20,0.637,0.329,0.383,0.404
2023-03-21 02:19:40,0.626,0.330,0.385,0.395
2023-03-21 02:20:00,0.628,0.380,0.384,0.389
2023-03-21 02:20:20,0.624,0.397,0.391,0.405
2023-03-21 02:20:40,0.635,0.422,0.386,0.394
2023-03-21 02:21:00,0.631,0.383,0.384,0.397
2023-03-21 02:21:20,0.635,0.386,0.374,0.399
2023-03-21 02:21:40,0.624,0.384,0.379,0.391
2023-03-21 02:22:00,0.629,0.381,0.379,0.393
2023-03-21 02:22:20,0.622,0.379,0.381,0.391
2023-03-21 02:22:40,0.625,0.378,0.372,0.398
2023-03-21 02:23:00,0.617,0.377,0.376,0.395
2023-03-21 02:23:20,0.609,0.371,0.370,0.387
2023-03-21 02:23:40,0.612,0.370,0.371,0.392
2023-03-21 02:24:00,0.612,0.364,0.364,0.391
2023-03-21 02:24:20,0.616,0.362,0.368,0.398
2023-03-21 02:24:40,0.610,0.357,0.368,0.392
2023-03-21 02:25:00,0.598,0.363,0.367,0.394
2023-03-21 02:25:20,0.592,0.358,0.361,0.390
2023-03-21 02:25:40,0.583,0.357,0.361,0.388
2023-03-21 02:26:00,0.586,0.351,0.358,0.390
2023-03-21 02:26:20,0.580,0.357,0.364,0.390
2023-03-21 02:26:40,0.576,0.358,0.360,0.391
2023-03-21 02:27:00,0.568,0.358,0.388,0.381
2023-03-21 02:27:20,0.571,0.350,0.396,0.381
2023-03-21 02:27:40,0.563,0.346,0.418,0.382
2023-03-21 02:28:00,0.562,0.336,0.395,0.375
2023-03-21 02:28:20,0.549,0.339,0.395,0.367
2023-03-21 02:28:40,0.550,0.333,0.392,0.376
2023-03-21 02:29:00,0.542,0.339,0.394,0.370
2023-03-21 02:29:20,0.542,0.330,0.389,0.374
2023-03-21 02:29:40,0.535,0.331,0.390,0.373
2023-03-21 02:30:00,0.527,0.322,0.389,0.378
2023-03-21 02:30:20,0.521,0.325,0.390,0.377
2023-03-21 02:30:40,0.513,0.323,0.384,0.363
2023-03-21 02:31:00,0.507,0.321,0.377,0.371
2023-03-21 02:31:20,0.498,0.312,0.374,0.376
2023-03-21 02:31:40,0.494,0.308,0.376,0.374
2023-03-21 02:32:00,0.503,0.333,0.374,0.364
2023-03-21 02:32:20,0.492,0.347,0.367,0.360
2023-03-21 02:32:40,0.486,0.373,0.357,0.358
2023-03-21 02:33:00,0.464,0.334,0.350,0.354
2023-03-21 02:33:20,0.460,0.329,0.346,0.360
2023-03-21 02:33:40,0.453,0.322,0.342,0.359
2023-03-21 02:34:00,0.446,0.314,0.332,0.363
2023-03-21 02:34:20,0.437,0.307,0.325,0.358
2023-03-21 02:34:40,0.433,0.302,0.318,0.347
2023-03-21 02:35:00,0.427,0.297,0.314,0.344
2023-03-21 02:35:20,0.431,0.293,0.311,0.343
2023-03-21 02:35:40,0.420,0.291,0.307,0.332
2023-03-21 02:36:00,0.421,0.290,0.306,0.337
2023-03-21 02:36:20,0.411,0.287,0.299,0.334
2023-03-21 02:36:40,0.430,0.286,0.295,0.335
2023-03-21 02:37:00,0.498,0.285,0.289,0.334
2023-03-21 02:37:20,0.547,0.285,0.292,0.347
2023-03-21 02:37:40,0.718,0.280,0.286,0.341
2023-03-21 02:38:00,0.657,0.273,0.287,0.353
2023-03-21 02:38:20,0.654,0.269,0.281,0.322
2023-03-21 02:38:40,0.633,0.267,0.283,0.336
2023-03-21 02:39:00,0.631,0.269,0.313,0.322
2023-03-21 02:39:20,0.627,0.266,0.335,0.318
2023-03-21 02:39:40,0.627,0.265,0.379,0.334
2023-03-21 02:40:00,0.635,0.302,0.360,0.339
2023-03-21 02:40:20,0.623,0.317,0.360,0.337
2023-03-21 02:40:40,0.624,0.334,0.360,0.348
2023-03-21 02:41:00,0.491,0.257,0.293,0.318

