second|adCount
0|0
1|100
2|200
3|300
4|400
5|500
6|600
7|700
8|800
9|900
10|1000
11|1100
12|1200
13|1300
14|1400
15|1500
16|1600
17|1700
18|1800
19|1900
20|2000
21|2100
22|2200
23|2300
24|2400
25|2500
26|2600
27|2700
28|2800
29|2900
30|3000
31|3100
32|3200
33|3300
34|3400
35|3500
36|3600
37|3700
38|3800
39|3900
40|4000
41|4100
42|4200
43|4300
44|4400
45|4500
46|4600
47|4700
48|4800
49|4900
50|5000
51|5100
52|5200
53|5300
54|5400
55|5500
56|5600
57|5700
58|5800
59|5900
60|6000
61|6100
62|6200
63|6300
64|6400
65|6500
66|6600
67|6700
68|6800
69|6900
70|7000
71|7100
72|7200
73|7300
74|7400
75|7500
76|7600
77|7700
78|7800
79|7900
80|8000
81|8100
82|8200
83|8300
84|8400
85|8500
86|8600
87|8700
88|8800
89|8900
90|9000
91|9100
92|9200
93|9300
94|9400
95|9500
96|9600
97|9700
98|9800
99|9900
100|10000
101|10100
102|10200
103|10300
104|10400
105|10500
106|10600
107|10700
108|10800
109|10900
110|11000
111|11100
112|11200
113|11300
114|11400
115|11500
116|11600
117|11700
118|11800
119|11900
120|12000
121|12100
122|12200
123|12300
124|12400
125|12500
126|12600
127|12700
128|12800
129|12900
130|13000
131|13100
132|13200
133|13300
134|13400
135|13500
136|13600
137|13700
138|13800
139|13900
140|14000
141|14100
142|14200
143|14300
144|14400
145|14500
146|14600
147|14700
148|14800
149|14900
150|15000
151|15100
152|15200
153|15300
154|15400
155|15500
156|15600
157|15700
158|15800
159|15900
160|16000
161|16100
162|16200
163|16300
164|16400
165|16500
166|16600
167|16700
168|16800
169|16900
170|17000
171|17100
172|17200
173|17300
174|17400
175|17500
176|17600
177|17700
178|17800
179|17900
180|18000
181|18100
182|18200
183|18300
184|18400
185|18500
186|18600
187|18700
188|18800
189|18900
190|19000
191|19100
192|19200
193|19300
194|19400
195|19500
196|19600
197|19700
198|19800
199|19900
200|20000
201|20100
202|20200
203|20300
204|20400
205|20500
206|20600
207|20700
208|20800
209|20900
210|21000
211|21100
212|21200
213|21300
214|21400
215|21500
216|21600
217|21700
218|21800
219|21900
220|22000
221|22100
222|22200
223|22300
224|22400
225|22500
226|22600
227|22700
228|22800
229|22900
230|23000
231|23100
232|23200
233|23300
234|23400
235|23500
236|23600
237|23700
238|23800
239|23900
240|24000
241|24100
242|24200
243|24300
244|24400
245|24500
246|24600
247|24700
248|24800
249|24900
250|25000
251|25100
252|25200
253|25300
254|25400
255|25500
256|25600
257|25700
258|25800
259|25900
260|26000
261|26100
262|26200
263|26300
264|26400
265|26500
266|26600
267|26700
268|26800
269|26900
270|27000
271|27100
272|27200
273|27300
274|27400
275|27500
276|27600
277|27700
278|27800
279|27900
280|28000
281|28100
282|28200
283|28300
284|28400
285|28500
286|28600
287|28700
288|28800
289|28900
290|29000
291|29100
292|29200
293|29300
294|29400
295|29500
296|29600
297|29700
298|29800
299|29900
300|30000
301|30100
302|30200
303|30300
304|30400
305|30500
306|30600
307|30700
308|30800
309|30900
310|31000
311|31100
312|31200
313|31300
314|31400
315|31500
316|31600
317|31700
318|31800
319|31900
320|32000
321|32100
322|32200
323|32300
324|32400
325|32500
326|32600
327|32700
328|32800
329|32900
330|33000
331|33100
332|33200
333|33300
334|33400
335|33500
336|33600
337|33700
338|33800
339|33900
340|34000
341|34100
342|34200
343|34300
344|34400
345|34500
346|34600
347|34700
348|34800
349|34900
350|35000
351|35100
352|35200
353|35300
354|35400
355|35500
356|35600
357|35700
358|35800
359|35900
360|36000
361|36100
362|36200
363|36300
364|36400
365|36500
366|36600
367|36700
368|36800
369|36900
370|37000
371|37100
372|37200
373|37300
374|37400
375|37500
376|37600
377|37700
378|37800
379|37900
380|38000
381|38100
382|38200
383|38300
384|38400
385|38500
386|38600
387|38700
388|38800
389|38900
390|39000
391|39100
392|39200
393|39300
394|39400
395|39500
396|39600
397|39700
398|39800
399|39900
400|40000
401|40100
402|40200
403|40300
404|40400
405|40500
406|40600
407|40700
408|40800
409|40900
410|41000
411|41100
412|41200
413|41300
414|41400
415|41500
416|41600
417|41700
418|41800
419|41900
420|42000
421|42100
422|42200
423|42300
424|42400
425|42500
426|42600
427|42700
428|42800
429|42900
430|43000
431|43100
432|43200
433|43300
434|43400
435|43500
436|43600
437|43700
438|43800
439|43900
440|44000
441|44100
442|44200
443|44300
444|44400
445|44500
446|44600
447|44700
448|44800
449|44900
450|45000
451|45100
452|45200
453|45300
454|45400
455|45500
456|45600
457|45700
458|45800
459|45900
460|46000
461|46100
462|46200
463|46300
464|46400
465|46500
466|46600
467|46700
468|46800
469|46900
470|47000
471|47100
472|47200
473|47300
474|47400
475|47500
476|47600
477|47700
478|47800
479|47900
480|48000
481|48100
482|48200
483|48300
484|48400
485|48500
486|48600
487|48700
488|48800
489|48900
490|49000
491|49100
492|49200
493|49300
494|49400
495|49500
496|49600
497|49700
498|49800
499|49900
500|50000
501|50100
502|50200
503|50300
504|50400
505|50500
506|50600
507|50700
508|50800
509|50900
510|51000
511|51100
512|51200
513|51300
514|51400
515|51500
516|51600
517|51700
518|51800
519|51900
520|52000
521|52100
522|52200
523|52300
524|52400
525|52500
526|52600
527|52700
528|52800
529|52900
530|53000
531|53100
532|53200
533|53300
534|53400
535|53500
536|53600
537|53700
538|53800
539|53900
540|54000
541|54100
542|54200
543|54300
544|54400
545|54500
546|54600
547|54700
548|54800
549|54900
550|55000
551|55100
552|55200
553|55300
554|55400
555|55500
556|55600
557|55700
558|55800
559|55900
560|56000
561|56100
562|56200
563|56300
564|56400
565|56500
566|56600
567|56700
568|56800
569|56900
570|57000
571|57100
572|57200
573|57300
574|57400
575|57500
576|57600
577|57700
578|57800
579|57900
580|58000
581|58100
582|58200
583|58300
584|58400
585|58500
586|58600
587|58700
588|58800
589|58900
590|59000
591|59100
592|59200
593|59300
594|59400
595|59500
596|59600
597|59700
598|59800
599|59900
600|60000
601|60100
602|60200
603|60300
604|60400
605|60500
606|60600
607|60700
608|60800
609|60900
610|61000
611|61100
612|61200
613|61300
614|61400
615|61500
616|61600
617|61700
618|61800
619|61900
620|62000
621|62100
622|62200
623|62300
624|62400
625|62500
626|62600
627|62700
628|62800
629|62900
630|63000
631|63100
632|63200
633|63300
634|63400
635|63500
636|63600
637|63700
638|63800
639|63900
640|64000
641|64100
642|64200
643|64300
644|64400
645|64500
646|64600
647|64700
648|64800
649|64900
650|65000
651|65100
652|65200
653|65300
654|65400
655|65500
656|65600
657|65700
658|65800
659|65900
660|66000
661|66100
662|66200
663|66300
664|66400
665|66500
666|66600
667|66700
668|66800
669|66900
670|67000
671|67100
672|67200
673|67300
674|67400
675|67500
676|67600
677|67700
678|67800
679|67900
680|68000
681|68100
682|68200
683|68300
684|68400
685|68500
686|68600
687|68700
688|68800
689|68900
690|69000
691|69100
692|69200
693|69300
694|69400
695|69500
696|69600
697|69700
698|69800
699|69900
700|70000
701|70100
702|70200
703|70300
704|70400
705|70500
706|70600
707|70700
708|70800
709|70900
710|71000
711|71100
712|71200
713|71300
714|71400
715|71500
716|71600
717|71700
718|71800
719|71900
720|72000
721|72100
722|72200
723|72300
724|72400
725|72500
726|72600
727|72700
728|72800
729|72900
730|73000
731|73100
732|73200
733|73300
734|73400
735|73500
736|73600
737|73700
738|73800
739|73900
740|74000
741|74100
742|74200
743|74300
744|74400
745|74500
746|74600
747|74700
748|74800
749|74900
750|75000
751|75100
752|75200
753|75300
754|75400
755|75500
756|75600
757|75700
758|75800
759|75900
760|76000
761|76100
762|76200
763|76300
764|76400
765|76500
766|76600
767|76700
768|76800
769|76900
770|77000
771|77100
772|77200
773|77300
774|77400
775|77500
776|77600
777|77700
778|77800
779|77900
780|78000
781|78100
782|78200
783|78300
784|78400
785|78500
786|78600
787|78700
788|78800
789|78900
790|79000
791|79100
792|79200
793|79300
794|79400
795|79500
796|79600
797|79700
798|79800
799|79900
800|80000
801|80100
802|80200
803|80300
804|80400
805|80500
806|80600
807|80700
808|80800
809|80900
810|81000
811|81100
812|81200
813|81300
814|81400
815|81500
816|81600
817|81700
818|81800
819|81900
820|82000
821|82100
822|82200
823|82300
824|82400
825|82500
826|82600
827|82700
828|82800
829|82900
830|83000
831|83100
832|83200
833|83300
834|83400
835|83500
836|83600
837|83700
838|83800
839|83900
840|84000
841|84100
842|84200
843|84300
844|84400
845|84500
846|84600
847|84700
848|84800
849|84900
850|85000
851|85100
852|85200
853|85300
854|85400
855|85500
856|85600
857|85700
858|85800
859|85900
860|86000
861|86100
862|86200
863|86300
864|86400
865|86500
866|86600
867|86700
868|86800
869|86900
870|87000
871|87100
872|87200
873|87300
874|87400
875|87500
876|87600
877|87700
878|87800
879|87900
880|88000
881|88100
882|88200
883|88300
884|88400
885|88500
886|88600
887|88700
888|88800
889|88900
890|89000
891|89100
892|89200
893|89300
894|89400
895|89500
896|89600
897|89700
898|89800
899|89900
900|90000
901|90100
902|90200
903|90300
904|90400
905|90500
906|90600
907|90700
908|90800
909|90900
910|91000
911|91100
912|91200
913|91300
914|91400
915|91500
916|91600
917|91700
918|91800
919|91900
920|92000
921|92100
922|92200
923|92300
924|92400
925|92500
926|92600
927|92700
928|92800
929|92900
930|93000
931|93100
932|93200
933|93300
934|93400
935|93500
936|93600
937|93700
938|93800
939|93900
940|94000
941|94100
942|94200
943|94300
944|94400
945|94500
946|94600
947|94700
948|94800
949|94900
950|95000
951|95100
952|95200
953|95300
954|95400
955|95500
956|95600
957|95700
958|95800
959|95900
960|96000
961|96100
962|96200
963|96300
964|96400
965|96500
966|96600
967|96700
968|96800
969|96900
970|97000
971|97100
972|97200
973|97300
974|97400
975|97500
976|97600
977|97700
978|97800
979|97900
980|98000
981|98100
982|98200
983|98300
984|98400
985|98500
986|98600
987|98700
988|98800
989|98900
990|99000
991|99100
992|99200
993|99300
994|99400
995|99500
996|99600
997|99700
998|99800
999|99900
1000|100000
1001|100100
1002|100200
1003|100300
1004|100400
1005|100500
1006|100600
1007|100700
1008|100800
1009|100900
1010|101000
1011|101100
1012|101200
1013|101300
1014|101400
1015|101500
1016|101600
1017|101700
1018|101800
1019|101900
1020|102000
1021|102100
1022|102200
1023|102300
1024|102400
1025|102500
1026|102600
1027|102700
1028|102800
1029|102900
1030|103000
1031|103100
1032|103200
1033|103300
1034|103400
1035|103500
1036|103600
1037|103700
1038|103800
1039|103900
1040|104000
1041|104100
1042|104200
1043|104300
1044|104400
1045|104500
1046|104600
1047|104700
1048|104800
1049|104900
1050|105000
1051|105100
1052|105200
1053|105300
1054|105400
1055|105500
1056|105600
1057|105700
1058|105800
1059|105900
1060|106000
1061|106100
1062|106200
1063|106300
1064|106400
1065|106500
1066|106600
1067|106700
1068|106800
1069|106900
1070|107000
1071|107100
1072|107200
1073|107300
1074|107400
1075|107500
1076|107600
1077|107700
1078|107800
1079|107900
1080|108000
1081|108100
1082|108200
1083|108300
1084|108400
1085|108500
1086|108600
1087|108700
1088|108800
1089|108900
1090|109000
1091|109100
1092|109200
1093|109300
1094|109400
1095|109500
1096|109600
1097|109700
1098|109800
1099|109900
1100|110000
1101|110100
1102|110200
1103|110300
1104|110400
1105|110500
1106|110600
1107|110700
1108|110800
1109|110900
1110|111000
1111|111100
1112|111200
1113|111300
1114|111400
1115|111500
1116|111600
1117|111700
1118|111800
1119|111900
1120|112000
1121|112100
1122|112200
1123|112300
1124|112400
1125|112500
1126|112600
1127|112700
1128|112800
1129|112900
1130|113000
1131|113100
1132|113200
1133|113300
1134|113400
1135|113500
1136|113600
1137|113700
1138|113800
1139|113900
1140|114000
1141|114100
1142|114200
1143|114300
1144|114400
1145|114500
1146|114600
1147|114700
1148|114800
1149|114900
1150|115000
1151|115100
1152|115200
1153|115300
1154|115400
1155|115500
1156|115600
1157|115700
1158|115800
1159|115900
1160|116000
1161|116100
1162|116200
1163|116300
1164|116400
1165|116500
1166|116600
1167|116700
1168|116800
1169|116900
1170|117000
1171|117100
1172|117200
1173|117300
1174|117400
1175|117500
1176|117600
1177|117700
1178|117800
1179|117900
1180|118000
1181|118100
1182|118200
1183|118300
1184|118400
1185|118500
1186|118600
1187|118700
1188|118800
1189|118900
1190|119000
1191|119100
1192|119200
1193|119300
1194|119400
1195|119500
1196|119600
1197|119700
1198|119800
1199|119900
1200|120000
1201|120100
1202|120200
1203|120300
1204|120400
1205|120500
1206|120600
1207|120700
1208|120800
1209|120900
1210|121000
1211|121100
1212|121200
1213|121300
1214|121400
1215|121500
1216|121600
1217|121700
1218|121800
1219|121900
1220|122000
1221|122100
1222|122200
1223|122300
1224|122400
1225|122500
1226|122600
1227|122700
1228|122800
1229|122900
1230|123000
1231|123100
1232|123200
1233|123300
1234|123400
1235|123500
1236|123600
1237|123700
1238|123800
1239|123900
1240|124000
1241|124100
1242|124200
1243|124300
1244|124400
1245|124500
1246|124600
1247|124700
1248|124800
1249|124900
1250|125000
1251|125100
1252|125200
1253|125300
1254|125400
1255|125500
1256|125600
1257|125700
1258|125800
1259|125900
1260|126000
1261|126100
1262|126200
1263|126300
1264|126400
1265|126500
1266|126600
1267|126700
1268|126800
1269|126900
1270|127000
1271|127100
1272|127200
1273|127300
1274|127400
1275|127500
1276|127600
1277|127700
1278|127800
1279|127900
1280|128000
1281|128100
1282|128200
1283|128300
1284|128400
1285|128500
1286|128600
1287|128700
1288|128800
1289|128900
1290|129000
1291|129100
1292|129200
1293|129300
1294|129400
1295|129500
1296|129600
1297|129700
1298|129800
1299|129900
1300|130000
1301|130100
1302|130200
1303|130300
1304|130400
1305|130500
1306|130600
1307|130700
1308|130800
1309|130900
1310|131000
1311|131100
1312|131200
1313|131300
1314|131400
1315|131500
1316|131600
1317|131700
1318|131800
1319|131900
1320|132000
1321|132100
1322|132200
1323|132300
1324|132400
1325|132500
1326|132600
1327|132700
1328|132800
1329|132900
1330|133000
1331|133100
1332|133200
1333|133300
1334|133400
1335|133500
1336|133600
1337|133700
1338|133800
1339|133900
1340|134000
1341|134100
1342|134200
1343|134300
1344|134400
1345|134500
1346|134600
1347|134700
1348|134800
1349|134900
1350|135000
1351|135100
1352|135200
1353|135300
1354|135400
1355|135500
1356|135600
1357|135700
1358|135800
1359|135900
1360|136000
1361|136100
1362|136200
1363|136300
1364|136400
1365|136500
1366|136600
1367|136700
1368|136800
1369|136900
1370|137000
1371|137100
1372|137200
1373|137300
1374|137400
1375|137500
1376|137600
1377|137700
1378|137800
1379|137900
1380|138000
1381|138100
1382|138200
1383|138300
1384|138400
1385|138500
1386|138600
1387|138700
1388|138800
1389|138900
1390|139000
1391|139100
1392|139200
1393|139300
1394|139400
1395|139500
1396|139600
1397|139700
1398|139800
1399|139900
1400|140000
1401|140100
1402|140200
1403|140300
1404|140400
1405|140500
1406|140600
1407|140700
1408|140800
1409|140900
1410|141000
1411|141100
1412|141200
1413|141300
1414|141400
1415|141500
1416|141600
1417|141700
1418|141800
1419|141900
1420|142000
1421|142100
1422|142200
1423|142300
1424|142400
1425|142500
1426|142600
1427|142700
1428|142800
1429|142900
1430|143000
1431|143100
1432|143200
1433|143300
1434|143400
1435|143500
1436|143600
1437|143700
1438|143800
1439|143900
1440|144000
1441|144100
1442|144200
1443|144300
1444|144400
1445|144500
1446|144600
1447|144700
1448|144800
1449|144900
1450|145000
1451|145100
1452|145200
1453|145300
1454|145400
1455|145500
1456|145600
1457|145700
1458|145800
1459|145900
1460|146000
1461|146100
1462|146200
1463|146300
1464|146400
1465|146500
1466|146600
1467|146700
1468|146800
1469|146900
1470|147000
1471|147100
1472|147200
1473|147300
1474|147400
1475|147500
1476|147600
1477|147700
1478|147800
1479|147900
1480|148000
1481|148100
1482|148200
1483|148300
1484|148400
1485|148500
1486|148600
1487|148700
1488|148800
1489|148900
1490|149000
1491|149100
1492|149200
1493|149300
1494|149400
1495|149500
1496|149600
1497|149700
1498|149800
1499|149900
1500|150000
1501|150100
1502|150200
1503|150300
1504|150400
1505|150500
1506|150600
1507|150700
1508|150800
1509|150900
1510|151000
1511|151100
1512|151200
1513|151300
1514|151400
1515|151500
1516|151600
1517|151700
1518|151800
1519|151900
1520|152000
1521|152100
1522|152200
1523|152300
1524|152400
1525|152500
1526|152600
1527|152700
1528|152800
1529|152900
1530|153000
1531|153100
1532|153200
1533|153300
1534|153400
1535|153500
1536|153600
1537|153700
1538|153800
1539|153900
1540|154000
1541|154100
1542|154200
1543|154300
1544|154400
1545|154500
1546|154600
1547|154700
1548|154800
1549|154900
1550|155000
1551|155100
1552|155200
1553|155300
1554|155400
1555|155500
1556|155600
1557|155700
1558|155800
1559|155900
1560|156000
1561|156100
1562|156200
1563|156300
1564|156400
1565|156500
1566|156600
1567|156700
1568|156800
1569|156900
1570|157000
1571|157100
1572|157200
1573|157300
1574|157400
1575|157500
1576|157600
1577|157700
1578|157800
1579|157900
1580|158000
1581|158100
1582|158200
1583|158300
1584|158400
1585|158500
1586|158600
1587|158700
1588|158800
1589|158900
1590|159000
1591|159100
1592|159200
1593|159300
1594|159400
1595|159500
1596|159600
1597|159700
1598|159800
1599|159900
1600|160000
1601|160100
1602|160200
1603|160300
1604|160400
1605|160500
1606|160600
1607|160700
1608|160800
1609|160900
1610|161000
1611|161100
1612|161200
1613|161300
1614|161400
1615|161500
1616|161600
1617|161700
1618|161800
1619|161900
1620|162000
1621|162100
1622|162200
1623|162300
1624|162400
1625|162500
1626|162600
1627|162700
1628|162800
1629|162900
1630|163000
1631|163100
1632|163200
1633|163300
1634|163400
1635|163500
1636|163600
1637|163700
1638|163800
1639|163900
1640|164000
1641|164100
1642|164200
1643|164300
1644|164400
1645|164500
1646|164600
1647|164700
1648|164800
1649|164900
1650|165000
1651|165100
1652|165200
1653|165300
1654|165400
1655|165500
1656|165600
1657|165700
1658|165800
1659|165900
1660|166000
1661|166100
1662|166200
1663|166300
1664|166400
1665|166500
1666|166600
1667|166700
1668|166800
1669|166900
1670|167000
1671|167100
1672|167200
1673|167300
1674|167400
1675|167500
1676|167600
1677|167700
1678|167800
1679|167900
1680|168000
1681|168100
1682|168200
1683|168300
1684|168400
1685|168500
1686|168600
1687|168700
1688|168800
1689|168900
1690|169000
1691|169100
1692|169200
1693|169300
1694|169400
1695|169500
1696|169600
1697|169700
1698|169800
1699|169900
1700|170000
1701|170100
1702|170200
1703|170300
1704|170400
1705|170500
1706|170600
1707|170700
1708|170800
1709|170900
1710|171000
1711|171100
1712|171200
1713|171300
1714|171400
1715|171500
1716|171600
1717|171700
1718|171800
1719|171900
1720|172000
1721|172100
1722|172200
1723|172300
1724|172400
1725|172500
1726|172600
1727|172700
1728|172800
1729|172900
1730|173000
1731|173100
1732|173200
1733|173300
1734|173400
1735|173500
1736|173600
1737|173700
1738|173800
1739|173900
1740|174000
1741|174100
1742|174200
1743|174300
1744|174400
1745|174500
1746|174600
1747|174700
1748|174800
1749|174900
1750|175000
1751|175100
1752|175200
1753|175300
1754|175400
1755|175500
1756|175600
1757|175700
1758|175800
1759|175900
1760|176000
1761|176100
1762|176200
1763|176300
1764|176400
1765|176500
1766|176600
1767|176700
1768|176800
1769|176900
1770|177000
1771|177100
1772|177200
1773|177300
1774|177400
1775|177500
1776|177600
1777|177700
1778|177800
1779|177900
1780|178000
1781|178100
1782|178200
1783|178300
1784|178400
1785|178500
1786|178600
1787|178700
1788|178800
1789|178900
1790|179000
1791|179100
1792|179200
1793|179300
1794|179400
1795|179500
1796|179600
1797|179700
1798|179800
1799|179900
1800|180000
1801|180100
1802|180200
1803|180300
1804|180400
1805|180500
1806|180600
1807|180700
1808|180800
1809|180900
1810|181000
1811|181100
1812|181200
1813|181300
1814|181400
1815|181500
1816|181600
1817|181700
1818|181800
1819|181900
1820|182000
1821|182100
1822|182200
1823|182300
1824|182400
1825|182500
1826|182600
1827|182700
1828|182800
1829|182900
1830|183000
1831|183100
1832|183200
1833|183300
1834|183400
1835|183500
1836|183600
1837|183700
1838|183800
1839|183900
1840|184000
1841|184100
1842|184200
1843|184300
1844|184400
1845|184500
1846|184600
1847|184700
1848|184800
1849|184900
1850|185000
1851|185100
1852|185200
1853|185300
1854|185400
1855|185500
1856|185600
1857|185700
1858|185800
1859|185900
1860|186000
1861|186100
1862|186200
1863|186300
1864|186400
1865|186500
1866|186600
1867|186700
1868|186800
1869|186900
1870|187000
1871|187100
1872|187200
1873|187300
1874|187400
1875|187500
1876|187600
1877|187700
1878|187800
1879|187900
1880|188000
1881|188100
1882|188200
1883|188300
1884|188400
1885|188500
1886|188600
1887|188700
1888|188800
1889|188900
1890|189000
1891|189100
1892|189200
1893|189300
1894|189400
1895|189500
1896|189600
1897|189700
1898|189800
1899|189900
1900|190000
1901|190100
1902|190200
1903|190300
1904|190400
1905|190500
1906|190600
1907|190700
1908|190800
1909|190900
1910|191000
1911|191100
1912|191200
1913|191300
1914|191400
1915|191500
1916|191600
1917|191700
1918|191800
1919|191900
1920|192000
1921|192100
1922|192200
1923|192300
1924|192400
1925|192500
1926|192600
1927|192700
1928|192800
1929|192900
1930|193000
1931|193100
1932|193200
1933|193300
1934|193400
1935|193500
1936|193600
1937|193700
1938|193800
1939|193900
1940|194000
1941|194100
1942|194200
1943|194300
1944|194400
1945|194500
1946|194600
1947|194700
1948|194800
1949|194900
1950|195000
1951|195100
1952|195200
1953|195300
1954|195400
1955|195500
1956|195600
1957|195700
1958|195800
1959|195900
1960|196000
1961|196100
1962|196200
1963|196300
1964|196400
1965|196500
1966|196600
1967|196700
1968|196800
1969|196900
1970|197000
1971|197100
1972|197200
1973|197300
1974|197400
1975|197500
1976|197600
1977|197700
1978|197800
1979|197900
1980|198000
1981|198100
1982|198200
1983|198300
1984|198400
1985|198500
1986|198600
1987|198700
1988|198800
1989|198900
1990|199000
1991|199100
1992|199200
1993|199300
1994|199400
1995|199500
1996|199600
1997|199700
1998|199800
1999|199900
2000|200000
2001|200100
2002|200200
2003|200300
2004|200400
2005|200500
2006|200600
2007|200700
2008|200800
2009|200900
2010|201000
2011|201100
2012|201200
2013|201300
2014|201400
2015|201500
2016|201600
2017|201700
2018|201800
2019|201900
2020|202000
2021|202100
2022|202200
2023|202300
2024|202400
2025|202500
2026|202600
2027|202700
2028|202800
2029|202900
2030|203000
2031|203100
2032|203200
2033|203300
2034|203400
2035|203500
2036|203600
2037|203700
2038|203800
2039|203900
2040|204000
2041|204100
2042|204200
2043|204300
2044|204400
2045|204500
2046|204600
2047|204700
2048|204800
2049|204900
2050|205000
2051|205100
2052|205200
2053|205300
2054|205400
2055|205500
2056|205600
2057|205700
2058|205800
2059|205900
2060|206000
2061|206100
2062|206200
2063|206300
2064|206400
2065|206500
2066|206600
2067|206700
2068|206800
2069|206900
2070|207000
2071|207100
2072|207200
2073|207300
2074|207400
2075|207500
2076|207600
2077|207700
2078|207800
2079|207900
2080|208000
2081|208100
2082|208200
2083|208300
2084|208400
2085|208500
2086|208600
2087|208700
2088|208800
2089|208900
2090|209000
2091|209100
2092|209200
2093|209300
2094|209400
2095|209500
2096|209600
2097|209700
2098|209800
2099|209900
2100|210000
2101|210100
2102|210200
2103|210300
2104|210400
2105|210500
2106|210600
2107|210700
2108|210800
2109|210900
2110|211000
2111|211100
2112|211200
2113|211300
2114|211400
2115|211500
2116|211600
2117|211700
2118|211800
2119|211900
2120|212000
2121|212100
2122|212200
2123|212300
2124|212400
2125|212500
2126|212600
2127|212700
2128|212800
2129|212900
2130|213000
2131|213100
2132|213200
2133|213300
2134|213400
2135|213500
2136|213600
2137|213700
2138|213800
2139|213900
2140|214000
2141|214100
2142|214200
2143|214300
2144|214400
2145|214500
2146|214600
2147|214700
2148|214800
2149|214900
2150|215000
2151|215100
2152|215200
2153|215300
2154|215400
2155|215500
2156|215600
2157|215700
2158|215800
2159|215900
2160|216000
2161|216100
2162|216200
2163|216300
2164|216400
2165|216500
2166|216600
2167|216700
2168|216800
2169|216900
2170|217000
2171|217100
2172|217200
2173|217300
2174|217400
2175|217500
2176|217600
2177|217700
2178|217800
2179|217900
2180|218000
2181|218100
2182|218200
2183|218300
2184|218400
2185|218500
2186|218600
2187|218700
2188|218800
2189|218900
2190|219000
2191|219100
2192|219200
2193|219300
2194|219400
2195|219500
2196|219600
2197|219700
2198|219800
2199|219900
2200|220000
2201|220100
2202|220200
2203|220300
2204|220400
2205|220500
2206|220600
2207|220700
2208|220800
2209|220900
2210|221000
2211|221100
2212|221200
2213|221300
2214|221400
2215|221500
2216|221600
2217|221700
2218|221800
2219|221900
2220|222000
2221|222100
2222|222200
2223|222300
2224|222400
2225|222500
2226|222600
2227|222700
2228|222800
2229|222900
2230|223000
2231|223100
2232|223200
2233|223300
2234|223400
2235|223500
2236|223600
2237|223700
2238|223800
2239|223900
2240|224000
2241|224100
2242|224200
2243|224300
2244|224400
2245|224500
2246|224600
2247|224700
2248|224800
2249|224900
2250|225000
2251|225100
2252|225200
2253|225300
2254|225400
2255|225500
2256|225600
2257|225700
2258|225800
2259|225900
2260|226000
2261|226100
2262|226200
2263|226300
2264|226400
2265|226500
2266|226600
2267|226700
2268|226800
2269|226900
2270|227000
2271|227100
2272|227200
2273|227300
2274|227400
2275|227500
2276|227600
2277|227700
2278|227800
2279|227900
2280|228000
2281|228100
2282|228200
2283|228300
2284|228400
2285|228500
2286|228600
2287|228700
2288|228800
2289|228900
2290|229000
2291|229100
2292|229200
2293|229300
2294|229400
2295|229500
2296|229600
2297|229700
2298|229800
2299|229900
2300|230000
2301|230100
2302|230200
2303|230300
2304|230400
2305|230500
2306|230600
2307|230700
2308|230800
2309|230900
2310|231000
2311|231100
2312|231200
2313|231300
2314|231400
2315|231500
2316|231600
2317|231700
2318|231800
2319|231900
2320|232000
2321|232100
2322|232200
2323|232300
2324|232400
2325|232500
2326|232600
2327|232700
2328|232800
2329|232900
2330|233000
2331|233100
2332|233200
2333|233300
2334|233400
2335|233500
2336|233600
2337|233700
2338|233800
2339|233900
2340|234000
2341|234100
2342|234200
2343|234300
2344|234400
2345|234500
2346|234600
2347|234700
2348|234800
2349|234900
2350|235000
2351|235100
2352|235200
2353|235300
2354|235400
2355|235500
2356|235600
2357|235700
2358|235800
2359|235900
2360|236000
2361|236100
2362|236200
2363|236300
2364|236400
2365|236500
2366|236600
2367|236700
2368|236800
2369|236900
2370|237000
2371|237100
2372|237200
2373|237300
2374|237400
2375|237500
2376|237600
2377|237700
2378|237800
2379|237900
2380|238000
2381|238100
2382|238200
2383|238300
2384|238400
2385|238500
2386|238600
2387|238700
2388|238800
2389|238900
2390|239000
2391|239100
2392|239200
2393|239300
2394|239400
2395|239500
2396|239600
2397|239700
2398|239800
2399|239900
2400|240000
2401|240100
2402|240200
2403|240300
2404|240400
2405|240500
2406|240600
2407|240700
2408|240800
2409|240900
2410|241000
2411|241100
2412|241200
2413|241300
2414|241400
2415|241500
2416|241600
2417|241700
2418|241800
2419|241900
2420|242000
2421|242100
2422|242200
2423|242300
2424|242400
2425|242500
2426|242600
2427|242700
2428|242800
2429|242900
2430|243000
2431|243100
2432|243200
2433|243300
2434|243400
2435|243500
2436|243600
2437|243700
2438|243800
2439|243900
2440|244000
2441|244100
2442|244200
2443|244300
2444|244400
2445|244500
2446|244600
2447|244700
2448|244800
2449|244900
2450|245000
2451|245100
2452|245200
2453|245300
2454|245400
2455|245500
2456|245600
2457|245700
2458|245800
2459|245900
2460|246000
2461|246100
2462|246200
2463|246300
2464|246400
2465|246500
2466|246600
2467|246700
2468|246800
2469|246900
2470|247000
2471|247100
2472|247200
2473|247300
2474|247400
2475|247500
2476|247600
2477|247700
2478|247800
2479|247900
2480|248000
2481|248100
2482|248200
2483|248300
2484|248400
2485|248500
2486|248600
2487|248700
2488|248800
2489|248900
2490|249000
2491|249100
2492|249200
2493|249300
2494|249400
2495|249500
2496|249600
2497|249700
2498|249800
2499|249900
2500|250000
2501|250100
2502|250200
2503|250300
2504|250400
2505|250500
2506|250600
2507|250700
2508|250800
2509|250900
2510|251000
2511|251100
2512|251200
2513|251300
2514|251400
2515|251500
2516|251600
2517|251700
2518|251800
2519|251900
2520|252000
2521|252100
2522|252200
2523|252300
2524|252400
2525|252500
2526|252600
2527|252700
2528|252800
2529|252900
2530|253000
2531|253100
2532|253200
2533|253300
2534|253400
2535|253500
2536|253600
2537|253700
2538|253800
2539|253900
2540|254000
2541|254100
2542|254200
2543|254300
2544|254400
2545|254500
2546|254600
2547|254700
2548|254800
2549|254900
2550|255000
2551|255100
2552|255200
2553|255300
2554|255400
2555|255500
2556|255600
2557|255700
2558|255800
2559|255900
2560|256000
2561|256100
2562|256200
2563|256300
2564|256400
2565|256500
2566|256600
2567|256700
2568|256800
2569|256900
2570|257000
2571|257100
2572|257200
2573|257300
2574|257400
2575|257500
2576|257600
2577|257700
2578|257800
2579|257900
2580|258000
2581|258100
2582|258200
2583|258300
2584|258400
2585|258500
2586|258600
2587|258700
2588|258800
2589|258900
2590|259000
2591|259100
2592|259200
2593|259300
2594|259400
2595|259500
2596|259600
2597|259700
2598|259800
2599|259900
2600|260000
2601|260100
2602|260200
2603|260300
2604|260400
2605|260500
2606|260600
2607|260700
2608|260800
2609|260900
2610|261000
2611|261100
2612|261200
2613|261300
2614|261400
2615|261500
2616|261600
2617|261700
2618|261800
2619|261900
2620|262000
2621|262100
2622|262200
2623|262300
2624|262400
2625|262500
2626|262600
2627|262700
2628|262800
2629|262900
2630|263000
2631|263100
2632|263200
2633|263300
2634|263400
2635|263500
2636|263600
2637|263700
2638|263800
2639|263900
2640|264000
2641|264100
2642|264200
2643|264300
2644|264400
2645|264500
2646|264600
2647|264700
2648|264800
2649|264900
2650|265000
2651|265100
2652|265200
2653|265300
2654|265400
2655|265500
2656|265600
2657|265700
2658|265800
2659|265900
2660|266000
2661|266100
2662|266200
2663|266300
2664|266400
2665|266500
2666|266600
2667|266700
2668|266800
2669|266900
2670|267000
2671|267100
2672|267200
2673|267300
2674|267400
2675|267500
2676|267600
2677|267700
2678|267800
2679|267900
2680|268000
2681|268100
2682|268200
2683|268300
2684|268400
2685|268500
2686|268600
2687|268700
2688|268800
2689|268900
2690|269000
2691|269100
2692|269200
2693|269300
2694|269400
2695|269500
2696|269600
2697|269700
2698|269800
2699|269900
2700|270000
2701|270100
2702|270200
2703|270300
2704|270400
2705|270500
2706|270600
2707|270700
2708|270800
2709|270900
2710|271000
2711|271100
2712|271200
2713|271300
2714|271400
2715|271500
2716|271600
2717|271700
2718|271800
2719|271900
2720|272000
2721|272100
2722|272200
2723|272300
2724|272400
2725|272500
2726|272600
2727|272700
2728|272800
2729|272900
2730|273000
2731|273100
2732|273200
2733|273300
2734|273400
2735|273500
2736|273600
2737|273700
2738|273800
2739|273900
2740|274000
2741|274100
2742|274200
2743|274300
2744|274400
2745|274500
2746|274600
2747|274700
2748|274800
2749|274900
2750|275000
2751|275100
2752|275200
2753|275300
2754|275400
2755|275500
2756|275600
2757|275700
2758|275800
2759|275900
2760|276000
2761|276100
2762|276200
2763|276300
2764|276400
2765|276500
2766|276600
2767|276700
2768|276800
2769|276900
2770|277000
2771|277100
2772|277200
2773|277300
2774|277400
2775|277500
2776|277600
2777|277700
2778|277800
2779|277900
2780|278000
2781|278100
2782|278200
2783|278300
2784|278400
2785|278500
2786|278600
2787|278700
2788|278800
2789|278900
2790|279000
2791|279100
2792|279200
2793|279300
2794|279400
2795|279500
2796|279600
2797|279700
2798|279800
2799|279900
2800|280000
2801|280100
2802|280200
2803|280300
2804|280400
2805|280500
2806|280600
2807|280700
2808|280800
2809|280900
2810|281000
2811|281100
2812|281200
2813|281300
2814|281400
2815|281500
2816|281600
2817|281700
2818|281800
2819|281900
2820|282000
2821|282100
2822|282200
2823|282300
2824|282400
2825|282500
2826|282600
2827|282700
2828|282800
2829|282900
2830|283000
2831|283100
2832|283200
2833|283300
2834|283400
2835|283500
2836|283600
2837|283700
2838|283800
2839|283900
2840|284000
2841|284100
2842|284200
2843|284300
2844|284400
2845|284500
2846|284600
2847|284700
2848|284800
2849|284900
2850|285000
2851|285100
2852|285200
2853|285300
2854|285400
2855|285500
2856|285600
2857|285700
2858|285800
2859|285900
2860|286000
2861|286100
2862|286200
2863|286300
2864|286400
2865|286500
2866|286600
2867|286700
2868|286800
2869|286900
2870|287000
2871|287100
2872|287200
2873|287300
2874|287400
2875|287500
2876|287600
2877|287700
2878|287800
2879|287900
2880|288000
2881|288100
2882|288200
2883|288300
2884|288400
2885|288500
2886|288600
2887|288700
2888|288800
2889|288900
2890|289000
2891|289100
2892|289200
2893|289300
2894|289400
2895|289500
2896|289600
2897|289700
2898|289800
2899|289900
2900|290000
2901|290100
2902|290200
2903|290300
2904|290400
2905|290500
2906|290600
2907|290700
2908|290800
2909|290900
2910|291000
2911|291100
2912|291200
2913|291300
2914|291400
2915|291500
2916|291600
2917|291700
2918|291800
2919|291900
2920|292000
2921|292100
2922|292200
2923|292300
2924|292400
2925|292500
2926|292600
2927|292700
2928|292800
2929|292900
2930|293000
2931|293100
2932|293200
2933|293300
2934|293400
2935|293500
2936|293600
2937|293700
2938|293800
2939|293900
2940|294000
2941|294100
2942|294200
2943|294300
2944|294400
2945|294500
2946|294600
2947|294700
2948|294800
2949|294900
2950|295000
2951|295100
2952|295200
2953|295300
2954|295400
2955|295500
2956|295600
2957|295700
2958|295800
2959|295900
2960|296000
2961|296100
2962|296200
2963|296300
2964|296400
2965|296500
2966|296600
2967|296700
2968|296800
2969|296900
2970|297000
2971|297100
2972|297200
2973|297300
2974|297400
2975|297500
2976|297600
2977|297700
2978|297800
2979|297900
2980|298000
2981|298100
2982|298200
2983|298300
2984|298400
2985|298500
2986|298600
2987|298700
2988|298800
2989|298900
2990|299000
2991|299100
2992|299200
2993|299300
2994|299400
2995|299500
2996|299600
2997|299700
2998|299800
2999|299900
3000|300000
3001|300100
3002|300200
3003|300300
3004|300400
3005|300500
3006|300600
3007|300700
3008|300800
3009|300900
3010|301000
3011|301100
3012|301200
3013|301300
3014|301400
3015|301500
3016|301600
3017|301700
3018|301800
3019|301900
3020|302000
3021|302100
3022|302200
3023|302300
3024|302400
3025|302500
3026|302600
3027|302700
3028|302800
3029|302900
3030|303000
3031|303100
3032|303200
3033|303300
3034|303400
3035|303500
3036|303600
3037|303700
3038|303800
3039|303900
3040|304000
3041|304100
3042|304200
3043|304300
3044|304400
3045|304500
3046|304600
3047|304700
3048|304800
3049|304900
3050|305000
3051|305100
3052|305200
3053|305300
3054|305400
3055|305500
3056|305600
3057|305700
3058|305800
3059|305900
3060|306000
3061|306100
3062|306200
3063|306300
3064|306400
3065|306500
3066|306600
3067|306700
3068|306800
3069|306900
3070|307000
3071|307100
3072|307200
3073|307300
3074|307400
3075|307500
3076|307600
3077|307700
3078|307800
3079|307900
3080|308000
3081|308100
3082|308200
3083|308300
3084|308400
3085|308500
3086|308600
3087|308700
3088|308800
3089|308900
3090|309000
3091|309100
3092|309200
3093|309300
3094|309400
3095|309500
3096|309600
3097|309700
3098|309800
3099|309900
3100|310000
3101|310100
3102|310200
3103|310300
3104|310400
3105|310500
3106|310600
3107|310700
3108|310800
3109|310900
3110|311000
3111|311100
3112|311200
3113|311300
3114|311400
3115|311500
3116|311600
3117|311700
3118|311800
3119|311900
3120|312000
3121|312100
3122|312200
3123|312300
3124|312400
3125|312500
3126|312600
3127|312700
3128|312800
3129|312900
3130|313000
3131|313100
3132|313200
3133|313300
3134|313400
3135|313500
3136|313600
3137|313700
3138|313800
3139|313900
3140|314000
3141|314100
3142|314200
3143|314300
3144|314400
3145|314500
3146|314600
3147|314700
3148|314800
3149|314900
3150|315000
3151|315100
3152|315200
3153|315300
3154|315400
3155|315500
3156|315600
3157|315700
3158|315800
3159|315900
3160|316000
3161|316100
3162|316200
3163|316300
3164|316400
3165|316500
3166|316600
3167|316700
3168|316800
3169|316900
3170|317000
3171|317100
3172|317200
3173|317300
3174|317400
3175|317500
3176|317600
3177|317700
3178|317800
3179|317900
3180|318000
3181|318100
3182|318200
3183|318300
3184|318400
3185|318500
3186|318600
3187|318700
3188|318800
3189|318900
3190|319000
3191|319100
3192|319200
3193|319300
3194|319400
3195|319500
3196|319600
3197|319700
3198|319800
3199|319900
3200|320000
3201|320100
3202|320200
3203|320300
3204|320400
3205|320500
3206|320600
3207|320700
3208|320800
3209|320900
3210|321000
3211|321100
3212|321200
3213|321300
3214|321400
3215|321500
3216|321600
3217|321700
3218|321800
3219|321900
3220|322000
3221|322100
3222|322200
3223|322300
3224|322400
3225|322500
3226|322600
3227|322700
3228|322800
3229|322900
3230|323000
3231|323100
3232|323200
3233|323300
3234|323400
3235|323500
3236|323600
3237|323700
3238|323800
3239|323900
3240|324000
3241|324100
3242|324200
3243|324300
3244|324400
3245|324500
3246|324600
3247|324700
3248|324800
3249|324900
3250|325000
3251|325100
3252|325200
3253|325300
3254|325400
3255|325500
3256|325600
3257|325700
3258|325800
3259|325900
3260|326000
3261|326100
3262|326200
3263|326300
3264|326400
3265|326500
3266|326600
3267|326700
3268|326800
3269|326900
3270|327000
3271|327100
3272|327200
3273|327300
3274|327400
3275|327500
3276|327600
3277|327700
3278|327800
3279|327900
3280|328000
3281|328100
3282|328200
3283|328300
3284|328400
3285|328500
3286|328600
3287|328700
3288|328800
3289|328900
3290|329000
3291|329100
3292|329200
3293|329300
3294|329400
3295|329500
3296|329600
3297|329700
3298|329800
3299|329900
3300|330000
3301|330100
3302|330200
3303|330300
3304|330400
3305|330500
3306|330600
3307|330700
3308|330800
3309|330900
3310|331000
3311|331100
3312|331200
3313|331300
3314|331400
3315|331500
3316|331600
3317|331700
3318|331800
3319|331900
3320|332000
3321|332100
3322|332200
3323|332300
3324|332400
3325|332500
3326|332600
3327|332700
3328|332800
3329|332900
3330|333000
3331|333100
3332|333200
3333|333300
3334|333400
3335|333500
3336|333600
3337|333700
3338|333800
3339|333900
3340|334000
3341|334100
3342|334200
3343|334300
3344|334400
3345|334500
3346|334600
3347|334700
3348|334800
3349|334900
3350|335000
3351|335100
3352|335200
3353|335300
3354|335400
3355|335500
3356|335600
3357|335700
3358|335800
3359|335900
3360|336000
3361|336100
3362|336200
3363|336300
3364|336400
3365|336500
3366|336600
3367|336700
3368|336800
3369|336900
3370|337000
3371|337100
3372|337200
3373|337300
3374|337400
3375|337500
3376|337600
3377|337700
3378|337800
3379|337900
3380|338000
3381|338100
3382|338200
3383|338300
3384|338400
3385|338500
3386|338600
3387|338700
3388|338800
3389|338900
3390|339000
3391|339100
3392|339200
3393|339300
3394|339400
3395|339500
3396|339600
3397|339700
3398|339800
3399|339900
3400|340000
3401|340100
3402|340200
3403|340300
3404|340400
3405|340500
3406|340600
3407|340700
3408|340800
3409|340900
3410|341000
3411|341100
3412|341200
3413|341300
3414|341400
3415|341500
3416|341600
3417|341700
3418|341800
3419|341900
3420|342000
3421|342100
3422|342200
3423|342300
3424|342400
3425|342500
3426|342600
3427|342700
3428|342800
3429|342900
3430|343000
3431|343100
3432|343200
3433|343300
3434|343400
3435|343500
3436|343600
3437|343700
3438|343800
3439|343900
3440|344000
3441|344100
3442|344200
3443|344300
3444|344400
3445|344500
3446|344600
3447|344700
3448|344800
3449|344900
3450|345000
3451|345100
3452|345200
3453|345300
3454|345400
3455|345500
3456|345600
3457|345700
3458|345800
3459|345900
3460|346000
3461|346100
3462|346200
3463|346300
3464|346400
3465|346500
3466|346600
3467|346700
3468|346800
3469|346900
3470|347000
3471|347100
3472|347200
3473|347300
3474|347400
3475|347500
3476|347600
3477|347700
3478|347800
3479|347900
3480|348000
3481|348100
3482|348200
3483|348300
3484|348400
3485|348500
3486|348600
3487|348700
3488|348800
3489|348900
3490|349000
3491|349100
3492|349200
3493|349300
3494|349400
3495|349500
3496|349600
3497|349700
3498|349800
3499|349900
3500|350000
3501|350100
3502|350200
3503|350300
3504|350400
3505|350500
3506|350600
3507|350700
3508|350800
3509|350900
3510|351000
3511|351100
3512|351200
3513|351300
3514|351400
3515|351500
3516|351600
3517|351700
3518|351800
3519|351900
3520|352000
3521|352100
3522|352200
3523|352300
3524|352400
3525|352500
3526|352600
3527|352700
3528|352800
3529|352900
3530|353000
3531|353100
3532|353200
3533|353300
3534|353400
3535|353500
3536|353600
3537|353700
3538|353800
3539|353900
3540|354000
3541|354100
3542|354200
3543|354300
3544|354400
3545|354500
3546|354600
3547|354700
3548|354800
3549|354900
3550|355000
3551|355100
3552|355200
3553|355300
3554|355400
3555|355500
3556|355600
3557|355700
3558|355800
3559|355900
3560|356000
3561|356100
3562|356200
3563|356300
3564|356400
3565|356500
3566|356600
3567|356700
3568|356800
3569|356900
3570|357000
3571|357100
3572|357200
3573|357300
3574|357400
3575|357500
3576|357600
3577|357700
3578|357800
3579|357900
3580|358000
3581|358100
3582|358200
3583|358300
3584|358400
3585|358500
3586|358600
3587|358700
3588|358800
3589|358900
3590|359000
3591|359100
3592|359200
3593|359300
3594|359400
3595|359500
3596|359600
3597|359700
3598|359800
3599|359900
3600|360000
3601|360100
3602|360200
3603|360300
3604|360400
3605|360500
3606|360600
3607|360700
3608|360800
3609|360900
3610|361000
3611|361100
3612|361200
3613|361300
3614|361400
3615|361500
3616|361600
3617|361700
3618|361800
3619|361900
3620|362000
3621|362100
3622|362200
3623|362300
3624|362400
3625|362500
3626|362600
3627|362700
3628|362800
3629|362900
3630|363000
3631|363100
3632|363200
3633|363300
3634|363400
3635|363500
3636|363600
3637|363700
3638|363800
3639|363900
3640|364000
3641|364100
3642|364200
3643|364300
3644|364400
3645|364500
3646|364600
3647|364700
3648|364800
3649|364900
3650|365000
3651|365100
3652|365200
3653|365300
3654|365400
3655|365500
3656|365600
3657|365700
3658|365800
3659|365900
3660|366000
3661|366100
3662|366200
3663|366300
3664|366400
3665|366500
3666|366600
3667|366700
3668|366800
3669|366900
3670|367000
3671|367100
3672|367200
3673|367300
3674|367400
3675|367500
3676|367600
3677|367700
3678|367800
3679|367900
3680|368000
3681|368100
3682|368200
3683|368300
3684|368400
3685|368500
3686|368600
3687|368700
3688|368800
3689|368900
3690|369000
3691|369100
3692|369200
3693|369300
3694|369400
3695|369500
3696|369600
3697|369700
3698|369800
3699|369900
3700|370000
3701|370100
3702|370200
3703|370300
3704|370400
3705|370500
3706|370600
3707|370700
3708|370800
3709|370900
3710|371000
3711|371100
3712|371200
3713|371300
3714|371400
3715|371500
3716|371600
3717|371700
3718|371800
3719|371900
3720|372000
3721|372100
3722|372200
3723|372300
3724|372400
3725|372500
3726|372600
3727|372700
3728|372800
3729|372900
3730|373000
3731|373100
3732|373200
3733|373300
3734|373400
3735|373500
3736|373600
3737|373700
3738|373800
3739|373900
3740|374000
3741|374100
3742|374200
3743|374300
3744|374400
3745|374500
3746|374600
3747|374700
3748|374800
3749|374900
3750|375000
3751|375100
3752|375200
3753|375300
3754|375400
3755|375500
3756|375600
3757|375700
3758|375800
3759|375900
3760|376000
3761|376100
3762|376200
3763|376300
3764|376400
3765|376500
3766|376600
3767|376700
3768|376800
3769|376900
3770|377000
3771|377100
3772|377200
3773|377300
3774|377400
3775|377500
3776|377600
3777|377700
3778|377800
3779|377900
3780|378000
3781|378100
3782|378200
3783|378300
3784|378400
3785|378500
3786|378600
3787|378700
3788|378800
3789|378900
3790|379000
3791|379100
3792|379200
3793|379300
3794|379400
3795|379500
3796|379600
3797|379700
3798|379800
3799|379900
3800|380000
3801|380100
3802|380200
3803|380300
3804|380400
3805|380500
3806|380600
3807|380700
3808|380800
3809|380900
3810|381000
3811|381100
3812|381200
3813|381300
3814|381400
3815|381500
3816|381600
3817|381700
3818|381800
3819|381900
3820|382000
3821|382100
3822|382200
3823|382300
3824|382400
3825|382500
3826|382600
3827|382700
3828|382800
3829|382900
3830|383000
3831|383100
3832|383200
3833|383300
3834|383400
3835|383500
3836|383600
3837|383700
3838|383800
3839|383900
3840|384000
3841|384100
3842|384200
3843|384300
3844|384400
3845|384500
3846|384600
3847|384700
3848|384800
3849|384900
3850|385000
3851|385100
3852|385200
3853|385300
3854|385400
3855|385500
3856|385600
3857|385700
3858|385800
3859|385900
3860|386000
3861|386100
3862|386200
3863|386300
3864|386400
3865|386500
3866|386600
3867|386700
3868|386800
3869|386900
3870|387000
3871|387100
3872|387200
3873|387300
3874|387400
3875|387500
3876|387600
3877|387700
3878|387800
3879|387900
3880|388000
3881|388100
3882|388200
3883|388300
3884|388400
3885|388500
3886|388600
3887|388700
3888|388800
3889|388900
3890|389000
3891|389100
3892|389200
3893|389300
3894|389400
3895|389500
3896|389600
3897|389700
3898|389800
3899|389900
3900|390000
3901|390100
3902|390200
3903|390300
3904|390400
3905|390500
3906|390600
3907|390700
3908|390800
3909|390900
3910|391000
3911|391100
3912|391200
3913|391300
3914|391400
3915|391500
3916|391600
3917|391700
3918|391800
3919|391900
3920|392000
3921|392100
3922|392200
3923|392300
3924|392400
3925|392500
3926|392600
3927|392700
3928|392800
3929|392900
3930|393000
3931|393100
3932|393200
3933|393300
3934|393400
3935|393500
3936|393600
3937|393700
3938|393800
3939|393900
3940|394000
3941|394100
3942|394200
3943|394300
3944|394400
3945|394500
3946|394600
3947|394700
3948|394800
3949|394900
3950|395000
3951|395100
3952|395200
3953|395300
3954|395400
3955|395500
3956|395600
3957|395700
3958|395800
3959|395900
3960|396000
3961|396100
3962|396200
3963|396300
3964|396400
3965|396500
3966|396600
3967|396700
3968|396800
3969|396900
3970|397000
3971|397100
3972|397200
3973|397300
3974|397400
3975|397500
3976|397600
3977|397700
3978|397800
3979|397900
3980|398000
3981|398100
3982|398200
3983|398300
3984|398400
3985|398500
3986|398600
3987|398700
3988|398800
3989|398900
3990|399000
3991|399100
3992|399200
3993|399300
3994|399400
3995|399500
3996|399600
3997|399700
3998|399800
3999|399900
4000|400000
4001|400100
4002|400200
4003|400300
4004|400400
4005|400500
4006|400600
4007|400700
4008|400800
4009|400900
4010|401000
4011|401100
4012|401200
4013|401300
4014|401400
4015|401500
4016|401600
4017|401700
4018|401800
4019|401900
4020|402000
4021|402100
4022|402200
4023|402300
4024|402400
4025|402500
4026|402600
4027|402700
4028|402800
4029|402900
4030|403000
4031|403100
4032|403200
4033|403300
4034|403400
4035|403500
4036|403600
4037|403700
4038|403800
4039|403900
4040|404000
4041|404100
4042|404200
4043|404300
4044|404400
4045|404500
4046|404600
4047|404700
4048|404800
4049|404900
4050|405000
4051|405100
4052|405200
4053|405300
4054|405400
4055|405500
4056|405600
4057|405700
4058|405800
4059|405900
4060|406000
4061|406100
4062|406200
4063|406300
4064|406400
4065|406500
4066|406600
4067|406700
4068|406800
4069|406900
4070|407000
4071|407100
4072|407200
4073|407300
4074|407400
4075|407500
4076|407600
4077|407700
4078|407800
4079|407900
4080|408000
4081|408100
4082|408200
4083|408300
4084|408400
4085|408500
4086|408600
4087|408700
4088|408800
4089|408900
4090|409000
4091|409100
4092|409200
4093|409300
4094|409400
4095|409500
4096|409600
4097|409700
4098|409800
4099|409900
4100|410000
4101|410100
4102|410200
4103|410300
4104|410400
4105|410500
4106|410600
4107|410700
4108|410800
4109|410900
4110|411000
4111|411100
4112|411200
4113|411300
4114|411400
4115|411500
4116|411600
4117|411700
4118|411800
4119|411900
4120|412000
4121|412100
4122|412200
4123|412300
4124|412400
4125|412500
4126|412600
4127|412700
4128|412800
4129|412900
4130|413000
4131|413100
4132|413200
4133|413300
4134|413400
4135|413500
4136|413600
4137|413700
4138|413800
4139|413900
4140|414000
4141|414100
4142|414200
4143|414300
4144|414400
4145|414500
4146|414600
4147|414700
4148|414800
4149|414900
4150|415000
4151|415100
4152|415200
4153|415300
4154|415400
4155|415500
4156|415600
4157|415700
4158|415800
4159|415900
4160|416000
4161|416100
4162|416200
4163|416300
4164|416400
4165|416500
4166|416600
4167|416700
4168|416800
4169|416900
4170|417000
4171|417100
4172|417200
4173|417300
4174|417400
4175|417500
4176|417600
4177|417700
4178|417800
4179|417900
4180|418000
4181|418100
4182|418200
4183|418300
4184|418400
4185|418500
4186|418600
4187|418700
4188|418800
4189|418900
4190|419000
4191|419100
4192|419200
4193|419300
4194|419400
4195|419500
4196|419600
4197|419700
4198|419800
4199|419900
4200|420000
4201|420100
4202|420200
4203|420300
4204|420400
4205|420500
4206|420600
4207|420700
4208|420800
4209|420900
4210|421000
4211|421100
4212|421200
4213|421300
4214|421400
4215|421500
4216|421600
4217|421700
4218|421800
4219|421900
4220|422000
4221|422100
4222|422200
4223|422300
4224|422400
4225|422500
4226|422600
4227|422700
4228|422800
4229|422900
4230|423000
4231|423100
4232|423200
4233|423300
4234|423400
4235|423500
4236|423600
4237|423700
4238|423800
4239|423900
4240|424000
4241|424100
4242|424200
4243|424300
4244|424400
4245|424500
4246|424600
4247|424700
4248|424800
4249|424900
4250|425000
4251|425100
4252|425200
4253|425300
4254|425400
4255|425500
4256|425600
4257|425700
4258|425800
4259|425900
4260|426000
4261|426100
4262|426200
4263|426300
4264|426400
4265|426500
4266|426600
4267|426700
4268|426800
4269|426900
4270|427000
4271|427100
4272|427200
4273|427300
4274|427400
4275|427500
4276|427600
4277|427700
4278|427800
4279|427900
4280|428000
4281|428100
4282|428200
4283|428300
4284|428400
4285|428500
4286|428600
4287|428700
4288|428800
4289|428900
4290|429000
4291|429100
4292|429200
4293|429300
4294|429400
4295|429500
4296|429600
4297|429700
4298|429800
4299|429900
4300|430000
4301|430100
4302|430200
4303|430300
4304|430400
4305|430500
4306|430600
4307|430700
4308|430800
4309|430900
4310|431000
4311|431100
4312|431200
4313|431300
4314|431400
4315|431500
4316|431600
4317|431700
4318|431800
4319|431900
4320|432000
4321|432100
4322|432200
4323|432300
4324|432400
4325|432500
4326|432600
4327|432700
4328|432800
4329|432900
4330|433000
4331|433100
4332|433200
4333|433300
4334|433400
4335|433500
4336|433600
4337|433700
4338|433800
4339|433900
4340|434000
4341|434100
4342|434200
4343|434300
4344|434400
4345|434500
4346|434600
4347|434700
4348|434800
4349|434900
4350|435000
4351|435100
4352|435200
4353|435300
4354|435400
4355|435500
4356|435600
4357|435700
4358|435800
4359|435900
4360|436000
4361|436100
4362|436200
4363|436300
4364|436400
4365|436500
4366|436600
4367|436700
4368|436800
4369|436900
4370|437000
4371|437100
4372|437200
4373|437300
4374|437400
4375|437500
4376|437600
4377|437700
4378|437800
4379|437900
4380|438000
4381|438100
4382|438200
4383|438300
4384|438400
4385|438500
4386|438600
4387|438700
4388|438800
4389|438900
4390|439000
4391|439100
4392|439200
4393|439300
4394|439400
4395|439500
4396|439600
4397|439700
4398|439800
4399|439900
4400|440000
4401|440100
4402|440200
4403|440300
4404|440400
4405|440500
4406|440600
4407|440700
4408|440800
4409|440900
4410|441000
4411|441100
4412|441200
4413|441300
4414|441400
4415|441500
4416|441600
4417|441700
4418|441800
4419|441900
4420|442000
4421|442100
4422|442200
4423|442300
4424|442400
4425|442500
4426|442600
4427|442700
4428|442800
4429|442900
4430|443000
4431|443100
4432|443200
4433|443300
4434|443400
4435|443500
4436|443600
4437|443700
4438|443800
4439|443900
4440|444000
4441|444100
4442|444200
4443|444300
4444|444400
4445|444500
4446|444600
4447|444700
4448|444800
4449|444900
4450|445000
4451|445100
4452|445200
4453|445300
4454|445400
4455|445500
4456|445600
4457|445700
4458|445800
4459|445900
4460|446000
4461|446100
4462|446200
4463|446300
4464|446400
4465|446500
4466|446600
4467|446700
4468|446800
4469|446900
4470|447000
4471|447100
4472|447200
4473|447300
4474|447400
4475|447500
4476|447600
4477|447700
4478|447800
4479|447900
4480|448000
4481|448100
4482|448200
4483|448300
4484|448400
4485|448500
4486|448600
4487|448700
4488|448800
4489|448900
4490|449000
4491|449100
4492|449200
4493|449300
4494|449400
4495|449500
4496|449600
4497|449700
4498|449800
4499|449900
4500|450000
4501|450100
4502|450200
4503|450300
4504|450400
4505|450500
4506|450600
4507|450700
4508|450800
4509|450900
4510|451000
4511|451100
4512|451200
4513|451300
4514|451400
4515|451500
4516|451600
4517|451700
4518|451800
4519|451900
4520|452000
4521|452100
4522|452200
4523|452300
4524|452400
4525|452500
4526|452600
4527|452700
4528|452800
4529|452900
4530|453000
4531|453100
4532|453200
4533|453300
4534|453400
4535|453500
4536|453600
4537|453700
4538|453800
4539|453900
4540|454000
4541|454100
4542|454200
4543|454300
4544|454400
4545|454500
4546|454600
4547|454700
4548|454800
4549|454900
4550|455000
4551|455100
4552|455200
4553|455300
4554|455400
4555|455500
4556|455600
4557|455700
4558|455800
4559|455900
4560|456000
4561|456100
4562|456200
4563|456300
4564|456400
4565|456500
4566|456600
4567|456700
4568|456800
4569|456900
4570|457000
4571|457100
4572|457200
4573|457300
4574|457400
4575|457500
4576|457600
4577|457700
4578|457800
4579|457900
4580|458000
4581|458100
4582|458200
4583|458300
4584|458400
4585|458500
4586|458600
4587|458700
4588|458800
4589|458900
4590|459000
4591|459100
4592|459200
4593|459300
4594|459400
4595|459500
4596|459600
4597|459700
4598|459800
4599|459900
4600|460000
4601|460100
4602|460200
4603|460300
4604|460400
4605|460500
4606|460600
4607|460700
4608|460800
4609|460900
4610|461000
4611|461100
4612|461200
4613|461300
4614|461400
4615|461500
4616|461600
4617|461700
4618|461800
4619|461900
4620|462000
4621|462100
4622|462200
4623|462300
4624|462400
4625|462500
4626|462600
4627|462700
4628|462800
4629|462900
4630|463000
4631|463100
4632|463200
4633|463300
4634|463400
4635|463500
4636|463600
4637|463700
4638|463800
4639|463900
4640|464000
4641|464100
4642|464200
4643|464300
4644|464400
4645|464500
4646|464600
4647|464700
4648|464800
4649|464900
4650|465000
4651|465100
4652|465200
4653|465300
4654|465400
4655|465500
4656|465600
4657|465700
4658|465800
4659|465900
4660|466000
4661|466100
4662|466200
4663|466300
4664|466400
4665|466500
4666|466600
4667|466700
4668|466800
4669|466900
4670|467000
4671|467100
4672|467200
4673|467300
4674|467400
4675|467500
4676|467600
4677|467700
4678|467800
4679|467900
4680|468000
4681|468100
4682|468200
4683|468300
4684|468400
4685|468500
4686|468600
4687|468700
4688|468800
4689|468900
4690|469000
4691|469100
4692|469200
4693|469300
4694|469400
4695|469500
4696|469600
4697|469700
4698|469800
4699|469900
4700|470000
4701|470100
4702|470200
4703|470300
4704|470400
4705|470500
4706|470600
4707|470700
4708|470800
4709|470900
4710|471000
4711|471100
4712|471200
4713|471300
4714|471400
4715|471500
4716|471600
4717|471700
4718|471800
4719|471900
4720|472000
4721|472100
4722|472200
4723|472300
4724|472400
4725|472500
4726|472600
4727|472700
4728|472800
4729|472900
4730|473000
4731|473100
4732|473200
4733|473300
4734|473400
4735|473500
4736|473600
4737|473700
4738|473800
4739|473900
4740|474000
4741|474100
4742|474200
4743|474300
4744|474400
4745|474500
4746|474600
4747|474700
4748|474800
4749|474900
4750|475000
4751|475100
4752|475200
4753|475300
4754|475400
4755|475500
4756|475600
4757|475700
4758|475800
4759|475900
4760|476000
4761|476100
4762|476200
4763|476300
4764|476400
4765|476500
4766|476600
4767|476700
4768|476800
4769|476900
4770|477000
4771|477100
4772|477200
4773|477300
4774|477400
4775|477500
4776|477600
4777|477700
4778|477800
4779|477900
4780|478000
4781|478100
4782|478200
4783|478300
4784|478400
4785|478500
4786|478600
4787|478700
4788|478800
4789|478900
4790|479000
4791|479100
4792|479200
4793|479300
4794|479400
4795|479500
4796|479600
4797|479700
4798|479800
4799|479900
4800|480000
4801|480100
4802|480200
4803|480300
4804|480400
4805|480500
4806|480600
4807|480700
4808|480800
4809|480900
4810|481000
4811|481100
4812|481200
4813|481300
4814|481400
4815|481500
4816|481600
4817|481700
4818|481800
4819|481900
4820|482000
4821|482100
4822|482200
4823|482300
4824|482400
4825|482500
4826|482600
4827|482700
4828|482800
4829|482900
4830|483000
4831|483100
4832|483200
4833|483300
4834|483400
4835|483500
4836|483600
4837|483700
4838|483800
4839|483900
4840|484000
4841|484100
4842|484200
4843|484300
4844|484400
4845|484500
4846|484600
4847|484700
4848|484800
4849|484900
4850|485000
4851|485100
4852|485200
4853|485300
4854|485400
4855|485500
4856|485600
4857|485700
4858|485800
4859|485900
4860|486000
4861|486100
4862|486200
4863|486300
4864|486400
4865|486500
4866|486600
4867|486700
4868|486800
4869|486900
4870|487000
4871|487100
4872|487200
4873|487300
4874|487400
4875|487500
4876|487600
4877|487700
4878|487800
4879|487900
4880|488000
4881|488100
4882|488200
4883|488300
4884|488400
4885|488500
4886|488600
4887|488700
4888|488800
4889|488900
4890|489000
4891|489100
4892|489200
4893|489300
4894|489400
4895|489500
4896|489600
4897|489700
4898|489800
4899|489900
4900|490000
4901|490100
4902|490200
4903|490300
4904|490400
4905|490500
4906|490600
4907|490700
4908|490800
4909|490900
4910|491000
4911|491100
4912|491200
4913|491300
4914|491400
4915|491500
4916|491600
4917|491700
4918|491800
4919|491900
4920|492000
4921|492100
4922|492200
4923|492300
4924|492400
4925|492500
4926|492600
4927|492700
4928|492800
4929|492900
4930|493000
4931|493100
4932|493200
4933|493300
4934|493400
4935|493500
4936|493600
4937|493700
4938|493800
4939|493900
4940|494000
4941|494100
4942|494200
4943|494300
4944|494400
4945|494500
4946|494600
4947|494700
4948|494800
4949|494900
4950|495000
4951|495100
4952|495200
4953|495300
4954|495400
4955|495500
4956|495600
4957|495700
4958|495800
4959|495900
4960|496000
4961|496100
4962|496200
4963|496300
4964|496400
4965|496500
4966|496600
4967|496700
4968|496800
4969|496900
4970|497000
4971|497100
4972|497200
4973|497300
4974|497400
4975|497500
4976|497600
4977|497700
4978|497800
4979|497900
4980|498000
4981|498100
4982|498200
4983|498300
4984|498400
4985|498500
4986|498600
4987|498700
4988|498800
4989|498900
4990|499000
4991|499100
4992|499200
4993|499300
4994|499400
4995|499500
4996|499600
4997|499700
4998|499800
4999|499900
5000|500000
5001|500100
5002|500200
5003|500300
5004|500400
5005|500500
5006|500600
5007|500700
5008|500800
5009|500900
5010|501000
5011|501100
5012|501200
5013|501300
5014|501400
5015|501500
5016|501600
5017|501700
5018|501800
5019|501900
5020|502000
5021|502100
5022|502200
5023|502300
5024|502400
5025|502500
5026|502600
5027|502700
5028|502800
5029|502900
5030|503000
5031|503100
5032|503200
5033|503300
5034|503400
5035|503500
5036|503600
5037|503700
5038|503800
5039|503900
5040|504000
5041|504100
5042|504200
5043|504300
5044|504400
5045|504500
5046|504600
5047|504700
5048|504800
5049|504900
5050|505000
5051|505100
5052|505200
5053|505300
5054|505400
5055|505500
5056|505600
5057|505700
5058|505800
5059|505900
5060|506000
5061|506100
5062|506200
5063|506300
5064|506400
5065|506500
5066|506600
5067|506700
5068|506800
5069|506900
5070|507000
5071|507100
5072|507200
5073|507300
5074|507400
5075|507500
5076|507600
5077|507700
5078|507800
5079|507900
5080|508000
5081|508100
5082|508200
5083|508300
5084|508400
5085|508500
5086|508600
5087|508700
5088|508800
5089|508900
5090|509000
5091|509100
5092|509200
5093|509300
5094|509400
5095|509500
5096|509600
5097|509700
5098|509800
5099|509900
5100|510000
5101|510100
5102|510200
5103|510300
5104|510400
5105|510500
5106|510600
5107|510700
5108|510800
5109|510900
5110|511000
5111|511100
5112|511200
5113|511300
5114|511400
5115|511500
5116|511600
5117|511700
5118|511800
5119|511900
5120|512000
5121|512100
5122|512200
5123|512300
5124|512400
5125|512500
5126|512600
5127|512700
5128|512800
5129|512900
5130|513000
5131|513100
5132|513200
5133|513300
5134|513400
5135|513500
5136|513600
5137|513700
5138|513800
5139|513900
5140|514000
5141|514100
5142|514200
5143|514300
5144|514400
5145|514500
5146|514600
5147|514700
5148|514800
5149|514900
5150|515000
5151|515100
5152|515200
5153|515300
5154|515400
5155|515500
5156|515600
5157|515700
5158|515800
5159|515900
5160|516000
5161|516100
5162|516200
5163|516300
5164|516400
5165|516500
5166|516600
5167|516700
5168|516800
5169|516900
5170|517000
5171|517100
5172|517200
5173|517300
5174|517400
5175|517500
5176|517600
5177|517700
5178|517800
5179|517900
5180|518000
5181|518100
5182|518200
5183|518300
5184|518400
5185|518500
5186|518600
5187|518700
5188|518800
5189|518900
5190|519000
5191|519100
5192|519200
5193|519300
5194|519400
5195|519500
5196|519600
5197|519700
5198|519800
5199|519900
5200|520000
5201|520100
5202|520200
5203|520300
5204|520400
5205|520500
5206|520600
5207|520700
5208|520800
5209|520900
5210|521000
5211|521100
5212|521200
5213|521300
5214|521400
5215|521500
5216|521600
5217|521700
5218|521800
5219|521900
5220|522000
5221|522100
5222|522200
5223|522300
5224|522400
5225|522500
5226|522600
5227|522700
5228|522800
5229|522900
5230|523000
5231|523100
5232|523200
5233|523300
5234|523400
5235|523500
5236|523600
5237|523700
5238|523800
5239|523900
5240|524000
5241|524100
5242|524200
5243|524300
5244|524400
5245|524500
5246|524600
5247|524700
5248|524800
5249|524900
5250|525000
5251|525100
5252|525200
5253|525300
5254|525400
5255|525500
5256|525600
5257|525700
5258|525800
5259|525900
5260|526000
5261|526100
5262|526200
5263|526300
5264|526400
5265|526500
5266|526600
5267|526700
5268|526800
5269|526900
5270|527000
5271|527100
5272|527200
5273|527300
5274|527400
5275|527500
5276|527600
5277|527700
5278|527800
5279|527900
5280|528000
5281|528100
5282|528200
5283|528300
5284|528400
5285|528500
5286|528600
5287|528700
5288|528800
5289|528900
5290|529000
5291|529100
5292|529200
5293|529300
5294|529400
5295|529500
5296|529600
5297|529700
5298|529800
5299|529900
5300|530000
5301|530100
5302|530200
5303|530300
5304|530400
5305|530500
5306|530600
5307|530700
5308|530800
5309|530900
5310|531000
5311|531100
5312|531200
5313|531300
5314|531400
5315|531500
5316|531600
5317|531700
5318|531800
5319|531900
5320|532000
5321|532100
5322|532200
5323|532300
5324|532400
5325|532500
5326|532600
5327|532700
5328|532800
5329|532900
5330|533000
5331|533100
5332|533200
5333|533300
5334|533400
5335|533500
5336|533600
5337|533700
5338|533800
5339|533900
5340|534000
5341|534100
5342|534200
5343|534300
5344|534400
5345|534500
5346|534600
5347|534700
5348|534800
5349|534900
5350|535000
5351|535100
5352|535200
5353|535300
5354|535400
5355|535500
5356|535600
5357|535700
5358|535800
5359|535900
5360|536000
5361|536100
5362|536200
5363|536300
5364|536400
5365|536500
5366|536600
5367|536700
5368|536800
5369|536900
5370|537000
5371|537100
5372|537200
5373|537300
5374|537400
5375|537500
5376|537600
5377|537700
5378|537800
5379|537900
5380|538000
5381|538100
5382|538200
5383|538300
5384|538400
5385|538500
5386|538600
5387|538700
5388|538800
5389|538900
5390|539000
5391|539100
5392|539200
5393|539300
5394|539400
5395|539500
5396|539600
5397|539700
5398|539800
5399|539900
5400|540000
5401|540100
5402|540200
5403|540300
5404|540400
5405|540500
5406|540600
5407|540700
5408|540800
5409|540900
5410|541000
5411|541100
5412|541200
5413|541300
5414|541400
5415|541500
5416|541600
5417|541700
5418|541800
5419|541900
5420|542000
5421|542100
5422|542200
5423|542300
5424|542400
5425|542500
5426|542600
5427|542700
5428|542800
5429|542900
5430|543000
5431|543100
5432|543200
5433|543300
5434|543400
5435|543500
5436|543600
5437|543700
5438|543800
5439|543900
5440|544000
5441|544100
5442|544200
5443|544300
5444|544400
5445|544500
5446|544600
5447|544700
5448|544800
5449|544900
5450|545000
5451|545100
5452|545200
5453|545300
5454|545400
5455|545500
5456|545600
5457|545700
5458|545800
5459|545900
5460|546000
5461|546100
5462|546200
5463|546300
5464|546400
5465|546500
5466|546600
5467|546700
5468|546800
5469|546900
5470|547000
5471|547100
5472|547200
5473|547300
5474|547400
5475|547500
5476|547600
5477|547700
5478|547800
5479|547900
5480|548000
5481|548100
5482|548200
5483|548300
5484|548400
5485|548500
5486|548600
5487|548700
5488|548800
5489|548900
5490|549000
5491|549100
5492|549200
5493|549300
5494|549400
5495|549500
5496|549600
5497|549700
5498|549800
5499|549900
5500|550000
5501|550100
5502|550200
5503|550300
5504|550400
5505|550500
5506|550600
5507|550700
5508|550800
5509|550900
5510|551000
5511|551100
5512|551200
5513|551300
5514|551400
5515|551500
5516|551600
5517|551700
5518|551800
5519|551900
5520|552000
5521|552100
5522|552200
5523|552300
5524|552400
5525|552500
5526|552600
5527|552700
5528|552800
5529|552900
5530|553000
5531|553100
5532|553200
5533|553300
5534|553400
5535|553500
5536|553600
5537|553700
5538|553800
5539|553900
5540|554000
5541|554100
5542|554200
5543|554300
5544|554400
5545|554500
5546|554600
5547|554700
5548|554800
5549|554900
5550|555000
5551|555100
5552|555200
5553|555300
5554|555400
5555|555500
5556|555600
5557|555700
5558|555800
5559|555900
5560|556000
5561|556100
5562|556200
5563|556300
5564|556400
5565|556500
5566|556600
5567|556700
5568|556800
5569|556900
5570|557000
5571|557100
5572|557200
5573|557300
5574|557400
5575|557500
5576|557600
5577|557700
5578|557800
5579|557900
5580|558000
5581|558100
5582|558200
5583|558300
5584|558400
5585|558500
5586|558600
5587|558700
5588|558800
5589|558900
5590|559000
5591|559100
5592|559200
5593|559300
5594|559400
5595|559500
5596|559600
5597|559700
5598|559800
5599|559900
5600|560000
5601|560100
5602|560200
5603|560300
5604|560400
5605|560500
5606|560600
5607|560700
5608|560800
5609|560900
5610|561000
5611|561100
5612|561200
5613|561300
5614|561400
5615|561500
5616|561600
5617|561700
5618|561800
5619|561900
5620|562000
5621|562100
5622|562200
5623|562300
5624|562400
5625|562500
5626|562600
5627|562700
5628|562800
5629|562900
5630|563000
5631|563100
5632|563200
5633|563300
5634|563400
5635|563500
5636|563600
5637|563700
5638|563800
5639|563900
5640|564000
5641|564100
5642|564200
5643|564300
5644|564400
5645|564500
5646|564600
5647|564700
5648|564800
5649|564900
5650|565000
5651|565100
5652|565200
5653|565300
5654|565400
5655|565500
5656|565600
5657|565700
5658|565800
5659|565900
5660|566000
5661|566100
5662|566200
5663|566300
5664|566400
5665|566500
5666|566600
5667|566700
5668|566800
5669|566900
5670|567000
5671|567100
5672|567200
5673|567300
5674|567400
5675|567500
5676|567600
5677|567700
5678|567800
5679|567900
5680|568000
5681|568100
5682|568200
5683|568300
5684|568400
5685|568500
5686|568600
5687|568700
5688|568800
5689|568900
5690|569000
5691|569100
5692|569200
5693|569300
5694|569400
5695|569500
5696|569600
5697|569700
5698|569800
5699|569900
5700|570000
5701|570100
5702|570200
5703|570300
5704|570400
5705|570500
5706|570600
5707|570700
5708|570800
5709|570900
5710|571000
5711|571100
5712|571200
5713|571300
5714|571400
5715|571500
5716|571600
5717|571700
5718|571800
5719|571900
5720|572000
5721|572100
5722|572200
5723|572300
5724|572400
5725|572500
5726|572600
5727|572700
5728|572800
5729|572900
5730|573000
5731|573100
5732|573200
5733|573300
5734|573400
5735|573500
5736|573600
5737|573700
5738|573800
5739|573900
5740|574000
5741|574100
5742|574200
5743|574300
5744|574400
5745|574500
5746|574600
5747|574700
5748|574800
5749|574900
5750|575000
5751|575100
5752|575200
5753|575300
5754|575400
5755|575500
5756|575600
5757|575700
5758|575800
5759|575900
5760|576000
5761|576100
5762|576200
5763|576300
5764|576400
5765|576500
5766|576600
5767|576700
5768|576800
5769|576900
5770|577000
5771|577100
5772|577200
5773|577300
5774|577400
5775|577500
5776|577600
5777|577700
5778|577800
5779|577900
5780|578000
5781|578100
5782|578200
5783|578300
5784|578400
5785|578500
5786|578600
5787|578700
5788|578800
5789|578900
5790|579000
5791|579100
5792|579200
5793|579300
5794|579400
5795|579500
5796|579600
5797|579700
5798|579800
5799|579900
5800|580000
5801|580100
5802|580200
5803|580300
5804|580400
5805|580500
5806|580600
5807|580700
5808|580800
5809|580900
5810|581000
5811|581100
5812|581200
5813|581300
5814|581400
5815|581500
5816|581600
5817|581700
5818|581800
5819|581900
5820|582000
5821|582100
5822|582200
5823|582300
5824|582400
5825|582500
5826|582600
5827|582700
5828|582800
5829|582900
5830|583000
5831|583100
5832|583200
5833|583300
5834|583400
5835|583500
5836|583600
5837|583700
5838|583800
5839|583900
5840|584000
5841|584100
5842|584200
5843|584300
5844|584400
5845|584500
5846|584600
5847|584700
5848|584800
5849|584900
5850|585000
5851|585100
5852|585200
5853|585300
5854|585400
5855|585500
5856|585600
5857|585700
5858|585800
5859|585900
5860|586000
5861|586100
5862|586200
5863|586300
5864|586400
5865|586500
5866|586600
5867|586700
5868|586800
5869|586900
5870|587000
5871|587100
5872|587200
5873|587300
5874|587400
5875|587500
5876|587600
5877|587700
5878|587800
5879|587900
5880|588000
5881|588100
5882|588200
5883|588300
5884|588400
5885|588500
5886|588600
5887|588700
5888|588800
5889|588900
5890|589000
5891|589100
5892|589200
5893|589300
5894|589400
5895|589500
5896|589600
5897|589700
5898|589800
5899|589900
5900|590000
5901|590100
5902|590200
5903|590300
5904|590400
5905|590500
5906|590600
5907|590700
5908|590800
5909|590900
5910|591000
5911|591100
5912|591200
5913|591300
5914|591400
5915|591500
5916|591600
5917|591700
5918|591800
5919|591900
5920|592000
5921|592100
5922|592200
5923|592300
5924|592400
5925|592500
5926|592600
5927|592700
5928|592800
5929|592900
5930|593000
5931|593100
5932|593200
5933|593300
5934|593400
5935|593500
5936|593600
5937|593700
5938|593800
5939|593900
5940|594000
5941|594100
5942|594200
5943|594300
5944|594400
5945|594500
5946|594600
5947|594700
5948|594800
5949|594900
5950|595000
5951|595100
5952|595200
5953|595300
5954|595400
5955|595500
5956|595600
5957|595700
5958|595800
5959|595900
5960|596000
5961|596100
5962|596200
5963|596300
5964|596400
5965|596500
5966|596600
5967|596700
5968|596800
5969|596900
5970|597000
5971|597100
5972|597200
5973|597300
5974|597400
5975|597500
5976|597600
5977|597700
5978|597800
5979|597900
5980|598000
5981|598100
5982|598200
5983|598300
5984|598400
5985|598500
5986|598600
5987|598700
5988|598800
5989|598900
5990|599000
5991|599100
5992|599200
5993|599300
5994|599400
5995|599500
5996|599600
5997|599700
5998|599800
5999|599900
